income,credit_score,existing_emis,past_default,risk
103810,607,0,1,1
52098,664,1,1,1
108696,829,0,0,0
24165,565,0,0,1
86237,563,4,0,1
105181,829,3,0,1
97236,692,0,1,1
40926,766,2,0,0
48221,722,0,0,0
32676,733,2,0,0
25695,785,4,0,1
69615,590,4,0,1
102397,735,4,0,1
29116,573,1,1,1
30458,669,0,0,0
79429,736,1,0,0
47460,686,0,0,0
42431,823,1,0,0
69735,688,4,0,1
62504,578,1,1,1
61347,755,2,0,0
94341,711,1,0,0
71856,784,1,0,0
52325,837,4,0,1
96622,769,4,0,1
48746,620,4,0,1
119061,574,0,0,1
40969,766,4,0,1
70019,789,4,0,1
92512,555,0,0,1
90381,686,2,0,0
76985,630,3,0,1
114646,684,4,1,1
86542,604,2,1,1
86540,651,1,0,0
41174,826,4,1,1
98504,715,3,0,1
67576,707,1,0,0
94364,590,0,1,1
29071,822,1,0,0
82296,831,1,0,0
99507,766,1,1,1
118994,652,2,0,0
108039,741,3,1,1
79177,611,1,0,1
64313,560,4,0,1
97128,662,0,0,0
102719,580,1,0,1
24117,719,0,0,0
56500,798,1,0,0
114811,842,4,0,1
81993,758,1,0,0
106374,770,2,0,0
81213,577,0,0,1
115448,723,0,0,0
44931,824,3,0,1
44050,692,3,0,1
29880,776,4,0,1
105477,826,0,1,1
118771,671,1,0,0
83092,659,3,1,1
41579,744,0,1,1
54760,782,2,0,0
115748,834,3,0,1
58890,661,0,0,0
91066,581,2,0,1
96569,794,4,1,1
89615,630,0,1,1
30500,645,0,0,1
108501,670,3,0,1
94668,676,4,0,1
101183,591,3,0,1
94085,817,2,1,1
46772,710,1,0,0
37154,703,3,0,1
118548,587,0,0,1
93792,601,0,0,1
86307,685,1,1,1
29016,675,2,0,0
77433,828,2,0,0
105717,820,0,0,0
92692,703,0,1,1
37601,685,0,1,1
117310,833,1,0,0
99276,657,2,0,0
103130,685,4,0,1
26658,597,3,1,1
25778,551,2,1,1
103507,684,1,1,1
92309,768,4,0,1
29862,626,4,0,1
68393,848,4,0,1
36704,571,2,0,1
25229,733,1,0,0
107416,602,2,1,1
73264,629,1,1,1
43206,761,0,0,0
63540,760,1,0,0
111917,605,3,1,1
81694,663,1,1,1
80332,729,2,1,1
49831,664,0,0,0
72227,718,2,1,1
56585,729,4,0,1
90282,719,0,0,0
54237,641,4,1,1
54795,569,0,0,1
65309,710,3,0,1
87033,609,3,1,1
44914,680,0,1,1
20221,816,4,0,1
117248,650,2,0,0
107062,719,4,0,1
36334,703,4,0,1
73528,717,3,0,1
92667,615,1,0,1
69695,639,4,0,1
73225,830,0,0,0
47549,770,4,0,1
62237,788,3,0,1
48010,811,3,1,1
116463,636,0,0,1
107012,721,0,1,1
118453,670,2,0,0
46100,625,0,0,1
82277,587,3,0,1
102544,844,1,1,1
70328,803,3,0,1
105990,552,0,1,1
48683,640,4,0,1
93060,677,0,0,0
80901,821,4,0,1
118992,776,4,1,1
86162,768,4,0,1
40861,793,3,0,1
52406,691,4,0,1
51358,690,3,0,1
57450,670,2,0,0
90798,591,1,0,1
70205,628,1,0,1
73424,719,4,0,1
28161,655,3,0,1
96556,560,4,0,1
20772,730,2,1,1
74921,825,4,1,1
48906,799,1,0,0
83654,564,3,0,1
109016,757,1,1,1
36728,823,0,1,1
97580,838,0,0,0
76179,619,3,0,1
54099,744,2,0,0
62840,722,3,0,1
75255,679,0,0,0
118176,826,0,1,1
65870,664,0,1,1
105426,570,0,1,1
46130,560,4,0,1
36544,792,0,0,0
48569,788,2,1,1
41992,608,1,1,1
34168,846,0,1,1
95470,742,3,1,1
45995,588,4,0,1
102213,674,0,0,0
59529,611,4,1,1
65508,822,3,0,1
29038,809,2,0,0
75057,800,0,0,0
67472,785,1,0,0
116180,817,2,0,0
90539,797,3,0,1
115817,687,2,1,1
31359,692,3,0,1
80910,841,4,0,1
64092,564,3,1,1
43834,799,1,0,0
53862,724,2,1,1
111905,691,4,0,1
45042,593,1,1,1
84038,834,1,0,0
104659,801,3,1,1
32196,700,1,0,0
51890,706,4,0,1
92544,821,2,0,0
117771,831,2,0,0
79473,688,2,0,0
35814,648,2,0,1
90236,644,1,0,1
83464,691,4,1,1
88765,694,0,1,1
58829,666,2,0,0
21854,823,1,0,0
27146,833,2,0,0
36551,801,0,1,1
95243,695,3,0,1
64657,644,0,0,1
82616,608,0,0,1
29710,845,0,0,0
93772,705,0,1,1
35525,835,3,0,1
101057,665,4,0,1
78028,702,4,1,1
60026,841,4,0,1
117004,600,1,0,1
54687,591,1,0,1
92350,588,1,0,1
79048,790,2,0,0
57762,694,3,0,1
50595,685,4,0,1
45928,767,0,0,0
104886,626,2,1,1
29359,580,1,1,1
97993,841,2,0,0
81433,705,3,1,1
85597,826,3,0,1
98385,570,3,1,1
99129,678,0,0,0
108381,844,4,1,1
108117,687,4,0,1
119125,639,3,0,1
77963,692,1,1,1
77132,801,0,0,0
73523,720,2,0,0
41079,718,3,0,1
57777,755,4,0,1
31542,711,2,0,0
72976,813,0,0,0
91118,786,3,0,1
87952,735,4,1,1
101973,776,0,0,0
91987,617,2,0,1
111521,798,0,0,0
102578,672,1,0,0
21792,832,3,0,1
34871,786,0,0,0
40181,805,2,0,0
55838,762,3,1,1
51946,783,4,0,1
44983,810,1,1,1
56208,762,2,1,1
86550,686,0,0,0
59132,850,4,1,1
84178,626,3,0,1
65236,720,4,1,1
69441,783,2,1,1
111422,672,4,0,1
73841,572,2,1,1
112435,745,3,1,1
105461,627,3,1,1
36547,807,4,0,1
33154,775,0,0,0
79890,557,1,0,1
105823,629,0,0,1
54737,723,4,0,1
105175,591,2,1,1
89942,744,2,0,0
119536,799,4,0,1
28968,670,2,1,1
117880,596,3,1,1
119663,601,3,0,1
59251,564,0,0,1
27355,700,2,0,0
39080,675,4,0,1
109364,642,1,0,1
99887,745,4,0,1
85230,848,1,0,0
103611,680,3,0,1
21231,788,2,0,0
40706,587,3,1,1
97014,703,3,0,1
79878,704,1,1,1
83335,604,1,0,1
67049,844,2,1,1
58696,561,3,0,1
94177,575,4,1,1
57512,667,4,1,1
48705,647,4,0,1
119035,620,0,1,1
104717,570,2,1,1
24373,846,2,1,1
31813,701,2,1,1
43021,652,1,1,1
67953,821,4,1,1
41567,681,3,1,1
58684,723,0,0,0
29869,622,1,1,1
114924,753,4,0,1
71717,557,2,0,1
79609,738,2,0,0
103695,740,0,0,0
81797,562,4,1,1
93584,717,4,0,1
28285,787,2,0,0
35292,621,0,1,1
59893,802,0,0,0
90457,619,3,0,1
107881,826,3,0,1
115236,629,3,0,1
84139,758,2,0,0
68566,661,3,0,1
50947,735,0,1,1
68147,828,2,0,0
56160,647,0,1,1
79600,596,1,0,1
98269,560,0,1,1
51925,614,4,0,1
92641,656,4,0,1
50539,718,1,1,1
98116,551,2,1,1
38964,616,4,0,1
42871,606,0,0,1
66955,671,4,0,1
42838,685,0,0,0
75176,819,0,1,1
82422,779,2,0,0
34293,781,4,0,1
100623,572,4,0,1
104323,565,0,1,1
72640,768,0,0,0
78138,587,0,0,1
39442,583,1,0,1
102978,849,4,1,1
69925,821,2,0,0
99354,770,0,1,1
34996,832,1,0,0
49949,761,2,1,1
72262,762,0,0,0
60963,680,2,1,1
110023,792,0,0,0
31188,597,3,0,1
116835,740,1,0,0
96869,837,4,0,1
36021,760,2,1,1
118341,766,0,1,1
98696,709,2,0,0
86507,658,1,0,0
49392,605,2,1,1
68176,608,2,0,1
76244,837,4,0,1
104239,835,0,0,0
106223,686,0,0,0
112104,708,2,0,0
43777,623,4,0,1
29120,622,0,0,1
89531,660,3,0,1
64681,630,2,0,1
62517,840,4,0,1
26895,629,1,1,1
26522,591,2,0,1
75576,798,4,0,1
55804,660,4,0,1
76349,606,2,0,1
97743,799,4,0,1
25952,662,3,1,1
27180,553,1,0,1
47686,620,2,0,1
35726,553,3,1,1
43028,616,3,0,1
50161,806,4,1,1
66421,586,3,1,1
25544,773,0,0,0
30205,710,4,0,1
73008,763,2,0,0
22733,716,1,1,1
101018,785,2,0,0
33875,674,3,0,1
88676,590,3,1,1
117754,723,1,0,0
42037,589,4,0,1
89547,811,1,1,1
65793,729,1,0,0
39194,681,1,0,0
40036,588,1,1,1
102306,802,3,1,1
119598,846,3,0,1
93989,715,2,0,0
28950,790,3,0,1
56002,578,2,0,1
60685,786,3,0,1
68331,696,0,0,0
31835,809,3,0,1
92655,571,3,1,1
94928,646,2,0,1
85715,627,0,0,1
65015,593,4,0,1
25130,676,3,1,1
88690,817,4,0,1
68870,694,3,0,1
64350,576,2,0,1
32387,835,3,0,1
114861,626,2,0,1
106980,622,2,0,1
105990,750,1,0,0
31104,708,4,0,1
63054,615,4,0,1
107878,766,4,0,1
67526,708,1,1,1
64791,798,1,0,0
38030,629,0,0,1
33256,809,4,1,1
89013,569,2,1,1
101006,617,4,0,1
41266,642,4,1,1
41697,774,0,0,0
108652,671,3,0,1
118617,779,1,0,0
60562,790,1,0,0
94766,775,3,1,1
70052,807,4,0,1
41241,652,4,0,1
52768,576,3,1,1
92684,602,4,1,1
57363,592,1,0,1
87286,625,3,0,1
49102,780,2,1,1
74381,577,3,0,1
50903,747,0,0,0
23694,713,0,1,1
105191,721,1,0,0
57601,791,1,1,1
81487,779,4,0,1
30384,559,2,0,1
39597,830,4,0,1
34573,697,1,0,0
26258,672,3,0,1
101633,784,0,0,0
85513,824,0,0,0
95372,673,1,0,0
20205,730,1,0,0
44551,593,4,1,1
28870,819,4,0,1
86535,833,0,0,0
81621,572,3,1,1
53246,558,2,1,1
65193,673,0,1,1
116362,720,1,0,0
91567,723,1,1,1
109742,787,3,0,1
37675,582,3,0,1
46422,572,1,1,1
61365,708,4,0,1
91176,792,2,0,0
104790,647,2,0,1
26265,719,2,0,0
68237,773,3,1,1
70678,723,1,0,0
85211,738,4,0,1
30828,767,0,0,0
43652,829,2,0,0
30494,717,2,0,0
98986,768,1,0,0
66077,778,0,1,1
66210,772,2,0,0
27518,588,3,0,1
118290,631,0,0,1
99635,774,0,0,0
50932,737,2,0,0
94349,566,4,0,1
78972,739,2,0,0
30077,843,1,0,0
72171,710,2,0,0
34869,563,1,0,1
70723,837,0,0,0
54116,778,1,1,1
57431,801,1,0,0
29706,781,1,1,1
78341,594,2,0,1
113000,583,4,0,1
59315,630,1,1,1
86683,664,0,1,1
38202,671,3,0,1
92616,843,2,0,0
92305,616,4,1,1
28617,708,3,1,1
114223,795,4,0,1
73665,844,0,0,0
61553,587,3,0,1
87811,726,1,1,1
92260,850,1,1,1
36912,771,4,1,1
27263,613,4,0,1
41581,632,2,1,1
49552,727,4,1,1
30336,678,1,0,0
92199,690,1,0,0
100534,823,0,0,0
42103,847,1,0,0
101851,722,4,0,1
23718,591,0,1,1
95598,685,1,1,1
74602,565,3,1,1
91509,698,2,0,0
109783,757,2,0,0
110257,580,1,0,1
83471,787,1,0,0
38830,710,2,1,1
65268,754,1,1,1
87499,837,0,0,0
81141,612,2,0,1
38465,599,0,0,1
70351,764,1,1,1
40932,717,4,1,1
44881,631,3,1,1
81186,805,2,0,0
31802,751,4,0,1
51552,660,4,0,1
26624,694,3,0,1
105755,790,2,0,0
34089,770,1,1,1
115355,737,3,0,1
72505,576,4,0,1
67516,833,2,0,0
86093,780,4,0,1
101689,610,1,1,1
71629,741,2,0,0
67920,623,1,0,1
72610,806,0,0,0
37961,720,3,0,1
39521,813,1,0,0
100356,713,1,0,0
100805,703,4,0,1
86809,822,3,1,1
59294,793,0,0,0
108317,606,3,0,1
115069,563,4,0,1
105929,846,4,0,1
26731,848,3,0,1
102447,744,1,1,1
51745,566,4,1,1
34404,647,0,0,1
74890,627,3,0,1
73788,806,4,1,1
116447,581,1,0,1
93516,716,3,0,1
61124,638,3,1,1
64869,829,2,0,0
114493,685,4,0,1
52311,692,4,0,1
59008,697,1,0,0
84094,712,3,0,1
114589,690,2,0,0
108686,828,3,1,1
71712,726,1,0,0
57700,590,2,1,1
105979,681,3,0,1
90592,688,4,0,1
37992,605,4,1,1
51363,674,0,0,0
89604,665,1,0,0
74172,719,3,0,1
38018,552,4,1,1
40701,758,3,0,1
46143,697,2,0,0
27754,595,4,0,1
116821,569,1,0,1
43040,568,3,1,1
44420,698,0,0,0
94443,604,2,0,1
104058,828,4,0,1
37589,808,3,0,1
34764,719,1,1,1
104972,681,1,0,0
64185,701,4,0,1
45318,639,4,1,1
73148,768,4,0,1
72538,598,1,1,1
82580,715,1,0,0
70275,670,3,1,1
63204,704,4,1,1
21498,683,2,0,0
28142,610,3,0,1
73138,807,2,0,0
103717,701,2,0,0
48721,618,3,0,1
118007,741,3,1,1
81712,825,1,1,1
109173,591,4,0,1
112244,735,0,1,1
34707,581,4,1,1
46497,843,4,0,1
63007,816,3,0,1
46922,848,3,0,1
86895,778,0,0,0
87272,762,3,0,1
93242,786,2,1,1
71897,680,0,1,1
95800,587,0,0,1
111800,582,4,1,1
29046,791,0,0,0
43590,619,3,0,1
70132,779,3,0,1
109486,826,1,0,0
65582,610,1,1,1
71518,820,1,1,1
49188,551,0,1,1
80686,828,3,0,1
50102,676,3,0,1
56129,646,0,0,1
106533,764,4,1,1
22050,673,1,0,0
97849,567,3,0,1
112181,574,1,1,1
72725,774,1,0,0
118878,578,1,0,1
57914,669,4,0,1
98370,714,1,0,0
38777,816,1,0,0
56064,581,4,1,1
116365,639,3,0,1
26145,726,3,1,1
61777,763,3,0,1
69343,644,4,0,1
49536,703,1,1,1
27552,837,3,1,1
93044,821,1,0,0
53422,654,2,0,0
78954,739,0,0,0
44966,576,2,0,1
99294,570,0,0,1
119837,850,4,0,1
47379,720,2,1,1
22009,658,1,1,1
35376,795,1,0,0
112244,654,3,1,1
92362,714,2,0,0
89946,733,2,0,0
87215,804,3,0,1
114688,790,2,1,1
68589,710,3,0,1
49002,624,0,0,1
96550,846,3,0,1
45715,718,1,0,0
52208,805,4,0,1
109764,722,2,1,1
84044,801,3,0,1
66160,636,1,1,1
84004,644,4,1,1
27698,818,0,1,1
29742,574,0,0,1
102667,668,0,1,1
21198,661,4,0,1
27923,797,3,0,1
89758,832,3,0,1
89391,690,4,1,1
22246,807,3,1,1
43496,604,0,0,1
51584,648,4,0,1
66457,686,3,0,1
73218,785,4,0,1
111388,665,2,0,0
30566,566,0,0,1
69436,832,3,0,1
21238,637,0,0,1
76873,719,4,1,1
32499,820,0,0,0
110739,840,3,0,1
29744,693,4,0,1
24312,641,2,0,1
47152,850,1,1,1
113416,753,0,0,0
93919,673,4,1,1
71007,826,2,0,0
116959,621,0,0,1
65332,577,0,0,1
29963,724,4,1,1
98067,753,2,0,0
55825,780,3,0,1
92487,742,3,0,1
96791,744,0,1,1
58715,676,0,0,0
40214,744,1,1,1
61507,734,0,0,0
60405,777,2,1,1
33399,617,0,0,1
78830,835,4,0,1
33538,563,0,0,1
32198,716,3,0,1
74238,748,0,1,1
93339,674,4,0,1
109825,744,1,0,0
59469,687,3,0,1
41916,772,2,0,0
83469,589,2,0,1
52321,803,4,0,1
80012,604,1,0,1
71864,720,4,0,1
63193,775,2,0,0
105332,619,2,0,1
111133,652,3,0,1
72198,713,2,1,1
102955,801,4,1,1
62714,742,2,1,1
71502,736,0,1,1
46188,829,1,0,0
92102,563,3,1,1
47479,774,2,1,1
29064,759,3,0,1
59692,673,2,0,0
113747,766,3,0,1
98372,795,4,0,1
86402,764,4,0,1
67124,824,4,0,1
31138,605,1,0,1
66531,635,4,0,1
104545,754,2,1,1
76420,604,0,0,1
49098,811,4,0,1
110133,844,1,0,0
71266,787,4,0,1
39758,726,0,0,0
58722,762,0,0,0
115702,622,2,0,1
79681,655,4,0,1
82411,599,3,1,1
79303,713,0,0,0
113163,608,0,1,1
104930,605,1,1,1
117057,674,4,0,1
40989,719,4,0,1
80562,668,3,0,1
44430,771,3,0,1
100492,651,3,0,1
70965,552,1,0,1
118608,582,4,0,1
90371,645,2,0,1
79972,608,2,0,1
84157,820,2,0,0
100125,750,4,0,1
66135,784,4,0,1
108288,702,4,0,1
108094,618,2,0,1
60026,609,1,0,1
38528,811,3,0,1
38070,844,3,0,1
83788,825,1,0,0
84178,697,1,0,0
79113,577,2,1,1
83518,619,1,1,1
93607,808,3,0,1
84451,762,3,0,1
30835,839,0,1,1
48905,699,0,0,0
90465,697,1,1,1
94140,803,4,0,1
95066,608,2,1,1
68085,827,0,1,1
77850,829,1,1,1
33423,676,2,1,1
24224,780,2,0,0
31401,774,0,1,1
51056,657,4,0,1
113159,769,1,0,0
47082,655,0,0,0
89767,693,4,0,1
62421,699,2,0,0
87425,598,1,1,1
73948,580,2,1,1
36631,617,1,0,1
62217,676,3,0,1
95684,687,3,0,1
29898,597,3,0,1
56467,738,3,1,1
62898,847,0,1,1
116039,597,3,0,1
111395,733,0,1,1
72129,661,3,1,1
84843,687,2,1,1
64270,830,4,0,1
83614,725,0,0,0
102074,785,0,0,0
40707,775,3,0,1
76072,653,1,1,1
59566,631,2,0,1
67242,678,0,0,0
105054,634,0,0,1
60043,669,3,0,1
112235,598,0,0,1
30215,617,4,0,1
109126,777,0,0,0
65032,611,3,0,1
82613,586,1,0,1
115782,602,0,0,1
59223,620,3,1,1
118717,618,1,0,1
93831,554,4,0,1
77684,729,1,0,0
39840,760,4,0,1
48474,594,0,0,1
36142,746,2,1,1
61222,621,1,0,1
31042,677,4,0,1
114526,695,0,1,1
106298,704,1,0,0
86784,646,3,0,1
27152,672,3,0,1
51599,805,4,0,1
21581,734,2,0,0
94498,765,2,0,0
42645,791,0,0,0
28851,557,2,0,1
27925,753,4,0,1
113405,806,3,0,1
72727,592,4,0,1
40012,692,0,0,0
87017,654,1,0,0
71213,850,0,0,0
77342,672,0,0,0
76948,609,3,0,1
27212,708,1,0,0
112785,620,0,0,1
65443,817,4,1,1
114472,682,1,0,0
118274,687,0,1,1
23847,721,3,0,1
28371,684,4,0,1
85031,783,4,0,1
85484,840,1,0,0
53438,602,4,0,1
35117,666,4,0,1
21610,675,0,0,0
70197,626,1,1,1
24635,833,3,0,1
52540,763,2,0,0
30208,842,2,0,0
108254,576,1,0,1
87603,573,3,0,1
80960,694,2,0,0
92494,783,0,0,0
58219,838,2,1,1
51795,787,2,0,0
84665,650,4,1,1
52129,627,0,1,1
23133,669,4,0,1
110893,554,2,0,1
106154,742,2,0,0
89443,671,3,0,1
27850,622,2,0,1
50339,816,3,1,1
68823,784,0,0,0
86247,618,3,0,1
94425,581,3,0,1
37132,671,2,0,0
61288,751,2,0,0
55645,669,0,1,1
37840,849,0,0,0
41544,780,3,0,1
35825,824,2,1,1
47215,781,2,0,0
35717,596,1,1,1
59874,570,1,1,1
62964,625,0,1,1
66627,752,4,0,1
59169,683,1,0,0
73004,781,4,1,1
52748,598,3,0,1
38322,612,0,0,1
49135,616,1,1,1
68790,593,4,0,1
29828,561,0,0,1
104670,777,1,0,0
63456,612,0,1,1
26637,636,4,0,1
114952,752,3,0,1
109550,768,1,0,0
44530,690,2,0,0
39481,567,4,0,1
52215,701,3,0,1
92179,795,0,0,0
70202,620,3,0,1
88919,677,4,1,1
70134,733,3,0,1
83527,726,4,0,1
70905,688,1,0,0
98265,662,0,1,1
56822,579,3,0,1
96544,669,1,0,0
106096,673,2,0,0
116607,578,1,0,1
70911,731,1,0,0
97662,712,2,1,1
23697,730,4,0,1
93807,646,3,0,1
43010,801,0,0,0
50490,662,0,0,0
20089,719,4,0,1
37103,724,1,1,1
62413,580,0,0,1
112365,622,0,1,1
67826,587,2,1,1
106787,752,4,0,1
59552,715,1,1,1
115990,773,3,0,1
42833,837,4,1,1
49260,639,3,0,1
110242,700,1,0,0
20235,843,3,1,1
94381,566,1,0,1
100134,663,4,0,1
85035,622,2,1,1
51194,727,2,0,0
31629,721,3,0,1
47483,677,0,0,0
34160,550,0,0,1
116021,764,1,1,1
84629,743,2,0,0
33294,795,4,0,1
110067,665,1,0,0
24379,700,0,0,0
33726,587,2,0,1
69212,632,0,0,1
32203,723,4,1,1
83273,565,3,1,1
41626,772,1,0,0
63397,655,1,0,0
92628,826,2,0,0
58980,671,0,0,0
94943,831,3,0,1
67294,551,3,0,1
106772,795,1,0,0
47125,637,2,1,1
82071,609,2,1,1
81727,800,2,0,0
91319,748,1,0,0
69996,739,1,0,0
54510,775,3,0,1
55200,838,0,0,0
111287,599,0,0,1
90968,761,4,0,1
27993,748,4,0,1
90190,793,4,1,1
82424,703,0,0,0
113625,567,4,0,1
87740,842,4,0,1
119246,779,1,1,1
41910,658,1,0,0
75492,590,3,0,1
102211,625,4,0,1
115302,584,0,0,1
72082,832,2,1,1
88116,784,0,1,1
101665,850,4,1,1
34748,762,1,0,0
97061,848,0,1,1
93752,601,2,1,1
65071,760,2,0,0
83646,842,4,0,1
42570,691,3,0,1
99777,755,0,0,0
63449,671,0,1,1
55203,740,0,0,0
59722,709,2,1,1
111250,600,1,0,1
117481,776,2,0,0
74627,595,1,0,1
73368,798,4,1,1
27367,813,1,0,0
113004,809,3,0,1
88719,841,0,0,0
46309,579,1,0,1
26626,734,1,0,0
80846,808,3,0,1
36236,565,1,0,1
97862,778,1,1,1
82204,850,4,0,1
41432,682,0,0,0
70667,575,1,1,1
48091,663,1,0,0
55269,759,4,0,1
109417,554,3,1,1
104852,638,4,1,1
49329,679,4,1,1
60037,690,3,1,1
65706,785,2,0,0
59602,816,4,0,1
33410,553,4,1,1
69051,837,4,0,1
59121,605,3,0,1
56239,716,2,0,0
113204,702,1,0,0
51496,579,4,0,1
61888,621,0,0,1
58745,682,3,0,1
116564,568,4,1,1
94978,647,2,1,1
49145,823,3,1,1
108063,733,4,0,1
42280,835,1,0,0
81706,615,2,1,1
93273,643,2,0,1
49131,731,1,1,1
60250,765,2,0,0
96751,700,3,1,1
81674,577,4,0,1
101350,586,3,1,1
85598,611,3,0,1
74146,577,1,0,1
46253,725,3,1,1
79974,623,2,1,1
43639,591,3,0,1
43176,710,0,0,0
55851,657,1,0,0
40766,800,0,0,0
76847,769,3,0,1
82573,746,0,0,0
46137,741,0,1,1
119201,821,1,0,0
20540,677,1,0,0
65134,709,1,0,0
85973,706,1,0,0
25992,702,2,0,0
88195,818,2,0,0
110017,618,2,1,1
84248,733,1,0,0
72873,559,1,0,1
37197,658,0,0,0
42149,613,2,1,1
24897,742,2,1,1
101675,574,4,1,1
106765,605,0,0,1
35176,763,3,0,1
91733,679,3,1,1
46934,554,2,0,1
33235,816,2,0,0
111845,620,3,1,1
33751,811,4,0,1
34943,604,3,0,1
46181,684,4,1,1
66913,759,2,0,0
91845,804,1,0,0
83001,719,1,0,0
108032,595,0,1,1
107690,802,1,1,1
87070,588,0,1,1
104454,668,3,1,1
58800,685,3,0,1
42898,570,2,0,1
108705,710,3,1,1
32451,573,0,1,1
106947,637,2,0,1
77372,687,0,0,0
64921,643,0,0,1
79839,689,3,0,1
82684,765,1,0,0
111248,580,1,0,1
97430,797,4,0,1
43758,744,2,0,0
109714,616,3,1,1
34802,760,3,0,1
54290,710,0,1,1
108857,818,4,1,1
49358,723,4,0,1
111826,598,3,0,1
52581,796,2,0,0
104070,747,1,1,1
93183,577,0,0,1
40568,808,3,1,1
41679,588,3,0,1
63371,692,0,0,0
92154,743,3,1,1
30332,785,3,1,1
78733,595,3,0,1
35559,804,0,0,0
74046,568,4,0,1
31913,705,4,0,1
105799,783,2,0,0
27113,664,3,0,1
101232,792,2,1,1
34945,599,1,0,1
66548,699,4,0,1
112025,604,0,1,1
84542,621,3,0,1
100065,650,1,0,0
71497,660,3,1,1
44979,723,0,1,1
26094,613,3,0,1
97242,808,1,1,1
20568,821,0,0,0
76729,849,3,1,1
43226,846,1,1,1
36827,603,3,0,1
99450,714,4,1,1
74875,677,2,0,0
64939,700,3,1,1
38111,761,4,1,1
118097,812,2,1,1
91802,710,4,0,1
46330,657,4,1,1
109995,726,1,1,1
105208,641,4,0,1
103476,715,0,1,1
93699,795,4,0,1
107445,763,4,0,1
75363,556,4,0,1
69921,624,0,0,1
46201,686,1,1,1
109573,678,1,1,1
110517,701,1,1,1
24234,733,3,0,1
108542,837,1,1,1
93566,749,1,0,0
111242,697,0,1,1
70797,763,2,1,1
27051,556,2,0,1
78073,665,2,1,1
91645,650,1,0,0
43255,588,1,1,1
116348,813,0,0,0
76165,692,4,0,1
41093,849,2,0,0
81122,629,0,0,1
62287,576,4,1,1
59472,801,4,0,1
29552,712,4,0,1
44100,816,0,1,1
40889,762,4,0,1
32051,728,1,1,1
106944,719,2,0,0
48632,821,3,1,1
118583,554,0,0,1
78414,673,4,1,1
51958,570,2,0,1
34860,747,2,0,0
57070,562,4,1,1
69146,813,4,0,1
25747,701,1,0,0
30793,599,1,1,1
90513,823,0,0,0
47627,659,3,1,1
46945,825,3,0,1
29452,628,0,0,1
63478,569,0,0,1
43329,678,4,0,1
49837,682,3,0,1
102603,757,3,0,1
71052,610,4,0,1
114409,582,4,0,1
29514,733,4,0,1
109899,704,4,0,1
77367,745,3,1,1
24039,792,1,0,0
37875,750,4,0,1
103105,623,2,0,1
115594,741,0,0,0
92754,622,0,0,1
95067,751,4,0,1
31157,706,1,1,1
115150,726,1,0,0
104663,812,1,0,0
48939,679,1,0,0
107946,840,0,1,1
91939,786,4,0,1
108039,584,2,0,1
115104,847,3,1,1
66810,615,1,0,1
101201,585,1,0,1
79067,718,4,0,1
110892,849,1,0,0
67774,711,3,0,1
61053,676,1,1,1
103995,773,2,1,1
37603,719,3,0,1
67020,706,3,0,1
43038,591,2,1,1
38350,825,1,0,0
102132,589,0,1,1
86476,565,4,0,1
97337,658,0,0,0
91233,826,3,0,1
39481,737,3,0,1
97280,698,1,0,0
86900,596,3,0,1
21388,672,4,0,1
119248,813,1,0,0
43480,839,4,0,1
39162,797,2,0,0
119807,799,1,0,0
68422,669,0,0,0
87880,734,3,0,1
79591,573,0,1,1
62476,602,4,0,1
55847,684,4,0,1
42786,742,3,0,1
105634,589,4,0,1
49215,814,3,0,1
65224,799,3,1,1
20864,806,1,0,0
50145,589,4,0,1
47723,626,1,0,1
98908,610,1,0,1
63283,608,3,0,1
82786,657,4,0,1
73857,561,1,0,1
95168,632,1,0,1
25136,843,1,0,0
53850,642,4,1,1
98558,838,0,1,1
115417,695,0,0,0
99498,791,3,0,1
73840,623,4,1,1
43839,811,2,0,0
109861,725,3,0,1
29023,667,3,0,1
34230,558,1,0,1
86107,764,1,0,0
43255,793,4,0,1
89655,807,0,0,0
106427,616,4,0,1
20157,770,4,0,1
25693,821,3,0,1
83192,745,2,0,0
117175,844,0,0,0
53360,794,1,1,1
30986,695,4,1,1
73562,681,1,0,0
117471,553,4,0,1
88126,553,3,0,1
110146,711,3,0,1
40287,768,4,0,1
90268,766,4,0,1
56118,753,1,0,0
93080,797,1,0,0
92733,797,2,1,1
95713,726,3,1,1
106413,610,1,0,1
111660,632,0,0,1
72502,723,4,0,1
109727,576,1,0,1
103345,552,0,1,1
81822,772,0,0,0
49067,739,0,0,0
114960,746,3,0,1
88289,696,4,0,1
42973,803,3,0,1
106099,815,2,0,0
98579,811,4,0,1
100634,636,0,0,1
105854,550,1,0,1
56167,754,2,0,0
73143,850,1,0,0
116590,585,0,0,1
115176,836,4,0,1
56242,665,4,1,1
79606,756,4,0,1
42942,758,4,0,1
29487,807,2,0,0
35336,812,2,1,1
95352,678,3,1,1
93815,797,1,1,1
80142,785,4,1,1
83172,609,2,0,1
103055,662,1,1,1
74057,730,4,0,1
111857,684,1,0,0
72288,725,0,0,0
43394,793,2,0,0
95197,687,1,1,1
109536,647,3,1,1
50783,673,2,0,0
46577,677,4,0,1
33983,611,0,0,1
106956,802,4,0,1
90972,571,3,0,1
61342,802,4,1,1
84330,643,4,0,1
49110,845,1,0,0
75466,794,4,0,1
65519,751,1,0,0
35776,815,3,0,1
21103,556,1,0,1
33205,716,2,0,0
54039,645,4,0,1
55311,791,4,0,1
44105,805,3,0,1
111843,740,2,1,1
56651,780,1,0,0
95483,667,0,1,1
50907,834,3,1,1
45698,624,1,0,1
21276,640,3,0,1
102660,814,4,1,1
83782,703,2,0,0
94427,574,3,0,1
41409,580,1,1,1
82460,599,3,1,1
54048,734,2,0,0
53779,726,0,0,0
66018,651,4,0,1
105082,825,1,1,1
57304,731,2,0,0
83896,778,0,0,0
57555,787,1,1,1
103962,722,3,0,1
94925,757,0,0,0
65039,666,2,0,0
58188,686,4,0,1
55553,777,2,1,1
88280,780,3,0,1
23027,614,1,0,1
117501,590,1,0,1
33501,598,0,1,1
82021,830,0,0,0
72037,818,0,0,0
101015,629,0,0,1
71097,708,1,0,0
57247,776,1,0,0
42361,564,0,0,1
62624,793,3,1,1
90855,689,4,0,1
111438,826,1,0,0
79840,838,3,0,1
103824,823,2,1,1
83131,826,1,1,1
77915,707,2,0,0
40410,705,0,0,0
119391,619,2,0,1
90136,554,3,1,1
82530,703,0,1,1
58393,668,0,0,0
44716,760,4,0,1
52754,633,3,1,1
48913,684,0,0,0
51399,814,4,1,1
109737,689,2,0,0
89722,687,3,0,1
28973,643,1,0,1
103478,783,4,0,1
111812,801,1,0,0
39942,575,4,0,1
33405,694,2,0,0
77464,554,1,0,1
21930,802,1,0,0
60838,805,2,0,0
24159,719,0,1,1
39148,578,2,1,1
29356,828,3,0,1
52778,745,0,0,0
113674,677,3,1,1
78059,676,0,0,0
116380,598,4,0,1
47321,792,3,0,1
60908,715,1,0,0
25529,831,4,0,1
83075,702,1,0,0
26827,661,0,0,0
76906,716,0,0,0
56188,849,0,0,0
51862,554,0,0,1
110538,793,4,0,1
31728,677,1,0,0
109908,723,0,0,0
104485,628,4,1,1
36492,799,1,0,0
93184,727,3,1,1
22798,743,2,1,1
52859,570,3,1,1
93272,700,4,0,1
44874,840,1,0,0
62425,789,2,1,1
98470,833,1,0,0
40319,780,2,1,1
90989,737,3,0,1
103627,809,3,1,1
22453,736,4,0,1
114503,582,4,1,1
44886,818,3,1,1
40202,694,2,0,0
62208,606,0,0,1
28739,572,1,0,1
24099,653,0,0,0
32943,566,4,0,1
70934,800,4,0,1
97371,681,0,0,0
99423,586,0,1,1
47359,801,0,0,0
103744,581,2,0,1
74519,738,0,1,1
54840,820,0,1,1
59833,589,1,1,1
32729,601,1,0,1
44832,648,4,0,1
94714,641,4,1,1
74419,604,4,0,1
80125,768,0,0,0
43644,831,3,0,1
106184,630,4,1,1
78066,730,2,0,0
62553,740,3,1,1
76438,715,4,0,1
91516,659,3,1,1
117593,680,2,1,1
78654,753,0,1,1
57287,558,4,0,1
59562,553,2,1,1
48157,711,0,1,1
110402,691,4,0,1
94798,842,1,0,0
80341,732,1,0,0
68114,848,1,0,0
59361,597,4,0,1
48499,589,2,1,1
42662,799,4,1,1
32499,703,0,1,1
95534,745,0,1,1
63829,728,3,0,1
35799,666,4,1,1
103084,745,0,0,0
25397,713,4,0,1
62838,807,1,0,0
108294,751,3,1,1
95399,808,0,0,0
57982,751,1,0,0
30819,793,4,1,1
91847,754,2,0,0
85774,772,1,1,1
83035,836,1,0,0
105491,842,1,0,0
116425,818,1,0,0
54898,770,2,0,0
95499,595,0,0,1
75514,737,2,0,0
65157,562,2,0,1
65838,776,4,0,1
25882,669,1,0,0
40446,593,0,1,1
51856,625,2,0,1
110937,606,2,0,1
22981,719,1,1,1
47770,654,4,0,1
53902,830,3,0,1
38526,559,3,0,1
106969,819,0,0,0
27878,695,1,1,1
100997,688,0,0,0
21092,584,3,0,1
106898,734,0,0,0
105119,747,1,1,1
86655,600,2,0,1
98263,822,0,0,0
85621,784,4,1,1
22816,570,1,1,1
59967,720,3,0,1
40578,559,2,0,1
66580,704,1,1,1
85700,691,0,0,0
70747,565,4,1,1
49567,627,2,1,1
106105,620,0,1,1
88251,666,3,0,1
40021,768,2,1,1
63160,779,4,0,1
105520,620,4,0,1
46517,620,2,0,1
88656,619,3,1,1
39025,839,1,0,0
93051,822,0,0,0
39073,565,2,1,1
74269,760,2,0,0
103472,690,1,1,1
33994,617,1,0,1
100213,686,4,0,1
50266,668,1,0,0
67089,590,3,0,1
99260,790,2,0,0
70785,801,3,0,1
45330,665,0,0,0
21967,688,3,0,1
107993,653,1,0,0
77577,800,2,1,1
52346,768,3,1,1
99682,744,2,0,0
117316,842,4,0,1
104068,569,4,0,1
79886,571,1,0,1
71853,570,4,0,1
102660,575,1,0,1
72171,705,2,0,0
75372,700,4,1,1
110433,814,1,0,0
104685,781,0,1,1
34833,642,4,1,1
111241,829,1,0,0
62396,780,0,0,0
97373,653,3,0,1
62477,633,0,0,1
112566,780,2,0,0
112704,746,4,0,1
40958,743,4,0,1
42398,721,4,1,1
39672,633,1,0,1
113329,576,3,0,1
115703,778,2,0,0
35408,617,1,0,1
53175,556,3,0,1
85358,828,0,0,0
84679,671,1,0,0
82352,782,3,0,1
98802,553,1,1,1
56452,835,1,0,0
39432,578,2,0,1
24250,845,4,0,1
31495,575,0,0,1
43363,632,2,0,1
110638,843,4,0,1
79682,846,2,1,1
32206,703,2,0,0
69668,584,3,1,1
28509,699,3,0,1
111045,690,2,0,0
88766,657,1,0,0
34326,842,4,1,1
83394,697,3,0,1
61482,682,4,0,1
101689,731,1,0,0
85063,816,3,0,1
43580,669,2,1,1
20207,610,0,0,1
35456,656,4,1,1
74269,573,2,0,1
103558,658,0,0,0
110441,694,2,1,1
60340,703,4,0,1
20803,608,2,0,1
114948,841,4,1,1
43020,649,2,1,1
108142,795,3,1,1
104626,619,3,0,1
80374,824,2,0,0
74257,578,4,0,1
115022,711,4,0,1
47297,845,2,1,1
66346,583,1,0,1
24085,723,3,0,1
41753,842,4,0,1
98012,609,2,1,1
61222,566,2,0,1
85149,671,2,0,0
59666,660,4,0,1
34710,741,0,1,1
32137,777,4,0,1
83263,806,1,0,0
83369,818,2,1,1
38781,600,4,0,1
37395,655,0,0,0
113543,817,0,0,0
25771,594,2,0,1
26047,602,4,1,1
117721,709,0,0,0
60913,657,2,0,0
57560,691,4,0,1
77817,610,2,0,1
55866,608,0,1,1
93351,813,0,0,0
65916,831,2,0,0
112321,695,4,0,1
29337,709,4,1,1
90854,777,0,0,0
81700,575,0,0,1
31287,768,3,0,1
98134,778,4,0,1
63559,651,4,0,1
119056,788,4,0,1
111566,789,0,0,0
109715,788,3,0,1
49333,623,4,0,1
67638,750,1,0,0
107186,719,2,0,0
23966,583,3,0,1
82737,786,1,0,0
65693,844,1,0,0
73174,604,2,0,1
29296,704,4,0,1
97402,761,1,0,0
91820,631,3,0,1
64658,656,4,0,1
77062,840,2,0,0
50953,638,0,1,1
113311,843,3,0,1
98128,787,2,0,0
78355,640,2,1,1
29123,605,4,1,1
69664,717,3,0,1
28058,596,1,1,1
96122,550,1,0,1
79372,822,2,0,0
95750,778,1,0,0
61497,703,4,1,1
109071,705,3,1,1
65123,595,4,0,1
86902,756,1,1,1
28180,739,4,1,1
20110,836,2,0,0
56989,565,1,0,1
97353,751,2,1,1
73219,745,3,0,1
106833,638,3,0,1
92800,746,2,1,1
40220,697,1,0,0
29403,558,1,1,1
83792,773,1,0,0
104180,762,3,1,1
111146,767,4,0,1
86770,767,4,1,1
70425,731,1,0,0
99242,553,4,0,1
115802,671,4,0,1
91587,845,2,0,0
24963,840,3,1,1
34832,847,3,1,1
30494,622,4,1,1
118380,693,3,0,1
88597,595,1,0,1
117214,589,4,1,1
60959,577,2,0,1
21413,790,3,0,1
81503,843,2,0,0
58616,698,1,0,0
98333,705,4,0,1
102483,792,4,0,1
26765,699,4,0,1
83538,592,1,0,1
56418,679,1,0,0
56073,681,0,1,1
99144,639,4,1,1
106396,778,2,1,1
54242,670,3,0,1
89125,566,2,1,1
39014,628,3,1,1
74125,746,1,0,0
115158,635,1,0,1
65229,577,2,1,1
35203,576,1,0,1
82420,704,3,1,1
118622,822,1,0,0
112485,749,3,0,1
89526,772,0,0,0
78827,745,2,1,1
109505,571,0,1,1
103548,731,3,0,1
105467,689,2,0,0
32881,680,4,0,1
108511,673,4,1,1
88151,722,1,0,0
21386,554,0,0,1
32805,818,0,0,0
66073,662,2,0,0
24461,562,4,0,1
97874,661,4,0,1
112808,611,0,1,1
37027,742,4,1,1
44217,606,1,0,1
81204,588,3,1,1
56226,768,2,0,0
29698,691,0,0,0
63601,580,2,1,1
54690,641,3,0,1
46302,751,1,0,0
34212,623,4,1,1
48624,604,3,1,1
33538,567,0,0,1
115360,678,3,0,1
85234,626,0,1,1
107111,749,2,0,0
63231,750,4,0,1
112747,801,3,0,1
115389,585,4,0,1
70387,796,0,0,0
67044,720,2,0,0
102873,596,2,0,1
64572,591,3,1,1
58005,653,1,0,0
70353,647,2,0,1
33994,733,3,0,1
102941,774,1,0,0
45309,562,4,0,1
70956,582,4,0,1
85494,823,3,1,1
22151,568,2,0,1
114504,571,3,0,1
105701,817,3,1,1
90328,626,4,0,1
29441,568,1,0,1
22498,791,4,0,1
111920,616,0,0,1
26548,707,0,0,0
42372,582,0,0,1
97984,662,0,1,1
75864,722,3,0,1
109664,844,4,0,1
47948,573,4,0,1
28286,611,2,0,1
74415,636,2,0,1
77496,674,4,0,1
33102,742,1,0,0
83827,591,0,0,1
31683,695,3,0,1
82391,614,1,0,1
55513,817,3,0,1
42878,569,4,0,1
85521,595,2,0,1
20599,835,1,0,0
89494,598,4,0,1
119762,826,4,0,1
102111,656,2,0,0
34769,626,3,0,1
40940,572,0,0,1
57363,657,3,0,1
100847,782,0,0,0
26875,825,1,0,0
23809,798,4,0,1
50841,777,4,0,1
74927,651,2,0,0
34435,716,1,0,0
116698,761,1,0,0
48922,587,3,0,1
27122,773,1,0,0
99879,782,1,0,0
37878,784,1,0,0
55349,653,2,0,0
110729,841,0,0,0
34563,788,3,0,1
119659,725,1,1,1
99119,630,4,1,1
95775,833,1,0,0
88389,800,1,0,0
80655,692,0,1,1
116492,676,1,0,0
95951,663,4,1,1
95196,552,3,1,1
25250,790,4,0,1
89615,751,3,1,1
111311,600,3,0,1
30890,835,0,0,0
73296,661,1,0,0
51334,596,0,0,1
59955,632,3,1,1
117948,848,0,1,1
80786,620,3,0,1
68551,787,0,1,1
29266,747,2,0,0
58874,768,2,0,0
100281,827,4,1,1
109740,591,4,1,1
116437,578,4,1,1
108428,736,0,0,0
67918,788,4,0,1
68029,639,4,1,1
93499,654,1,1,1
51278,826,0,0,0
116649,847,1,1,1
119730,665,2,0,0
55043,807,3,0,1
28305,740,2,0,0
85726,819,0,0,0
89717,822,2,0,0
68253,583,1,1,1
80014,594,0,0,1
43437,697,0,0,0
56168,607,1,0,1
46772,816,0,0,0
109443,827,1,0,0
75067,777,0,0,0
28250,561,1,1,1
88107,721,3,0,1
105951,717,3,0,1
111339,821,4,0,1
59856,840,1,1,1
60172,637,2,0,1
68745,697,0,0,0
57274,783,1,0,0
41075,824,2,0,0
42984,628,1,0,1
25393,712,4,0,1
54132,739,1,0,0
112685,567,2,1,1
39391,740,3,0,1
41311,823,2,0,0
23266,757,3,1,1
80036,713,1,0,0
116796,829,4,0,1
112464,701,3,1,1
118849,843,1,1,1
115491,776,2,0,0
115897,795,0,0,0
92215,609,2,0,1
100939,662,3,0,1
62777,578,4,0,1
96471,819,1,1,1
56428,650,0,0,0
78387,594,4,0,1
84286,712,4,0,1
27346,734,3,0,1
76051,739,3,0,1
57309,726,2,0,0
78402,837,0,0,0
78224,762,3,0,1
115420,767,3,0,1
96962,594,1,0,1
82208,818,2,0,0
97421,742,0,0,0
103729,689,3,0,1
80570,840,1,0,0
70039,698,4,0,1
59582,849,2,0,0
116974,787,1,0,0
20320,628,2,0,1
103958,791,0,0,0
57707,763,1,0,0
110156,675,0,0,0
56335,802,0,0,0
67416,847,3,0,1
53804,793,0,0,0
116070,844,0,1,1
41344,847,0,0,0
80429,619,2,0,1
55739,734,3,0,1
66659,574,2,0,1
103747,589,4,0,1
102317,643,0,0,1
41906,828,2,1,1
109780,704,2,0,0
110222,735,0,0,0
66088,623,0,0,1
56885,740,3,0,1
41368,602,1,0,1
48981,646,4,0,1
88898,822,4,1,1
34937,763,3,1,1
35278,617,0,0,1
60838,735,1,1,1
98335,817,2,0,0
59935,564,0,0,1
110995,622,1,0,1
47504,616,0,0,1
34643,589,0,1,1
119265,770,0,0,0
24298,812,4,0,1
35587,679,0,0,0
107501,555,0,1,1
98878,655,4,1,1
44219,729,0,0,0
117805,692,4,0,1
41044,806,4,0,1
94741,584,0,1,1
21832,820,1,1,1
56943,637,4,0,1
115072,600,1,1,1
112767,793,2,0,0
44264,775,0,0,0
66507,744,3,0,1
49825,758,0,1,1
61193,613,3,0,1
37814,803,2,1,1
93024,570,0,0,1
35167,747,2,0,0
116491,709,3,0,1
73383,698,3,0,1
29123,793,2,0,0
108363,801,0,0,0
88506,593,0,0,1
72510,602,1,0,1
46094,723,1,0,0
72990,612,1,1,1
115053,805,2,1,1
96273,689,3,0,1
107382,757,3,0,1
39316,782,0,0,0
84138,804,1,0,0
37643,565,0,1,1
28942,805,0,1,1
70152,717,1,0,0
101688,599,0,0,1
88150,802,3,0,1
106781,804,3,0,1
91098,725,4,0,1
24141,770,0,0,0
61229,742,3,0,1
24306,640,4,0,1
59720,634,3,0,1
60954,749,3,1,1
94560,801,4,0,1
95000,790,3,0,1
40487,809,0,0,0
84840,743,4,0,1
57281,714,0,0,0
25913,615,2,0,1
117262,848,0,1,1
101940,724,3,0,1
65238,732,3,0,1
106670,675,1,0,0
60907,593,0,1,1
35003,722,1,0,0
62744,569,3,0,1
75374,840,4,1,1
54946,560,3,0,1
61486,743,4,0,1
95043,600,3,0,1
108488,655,2,0,0
107475,723,1,0,0
67622,773,1,0,0
29872,824,1,0,0
26230,702,4,0,1
49607,597,4,0,1
64150,689,0,0,0
89607,793,3,0,1
30048,704,4,1,1
76742,826,2,0,0
72730,678,4,0,1
108022,830,1,1,1
102292,814,1,0,0
47912,789,2,1,1
89824,772,4,1,1
27848,817,1,0,0
39365,673,1,1,1
59357,772,3,0,1
28444,654,3,0,1
57623,632,2,0,1
50950,757,1,0,0
45154,564,1,1,1
60703,787,3,0,1
77164,766,0,0,0
55744,619,0,0,1
56408,831,1,0,0
25535,798,0,0,0
31000,710,4,0,1
28333,758,2,0,0
31836,753,1,0,0
94838,806,0,0,0
96076,818,2,0,0
31829,671,4,0,1
61079,718,4,1,1
118090,670,3,0,1
34000,639,1,1,1
77602,759,2,1,1
27330,801,4,0,1
34806,712,4,0,1
109487,676,2,1,1
38993,735,3,1,1
60392,560,4,0,1
116921,577,1,0,1
70422,708,2,1,1
109816,612,4,1,1
77986,748,0,1,1
71508,680,2,0,0
119177,670,2,0,0
41001,774,2,1,1
104466,758,0,0,0
30498,801,3,1,1
63610,766,0,1,1
111551,683,4,0,1
75164,830,2,0,0
23584,576,1,0,1
104030,619,0,0,1
102352,706,2,0,0
34526,630,1,0,1
105089,616,4,0,1
61864,781,3,1,1
37499,683,1,0,0
62936,694,1,0,0
68182,643,3,1,1
94762,664,0,1,1
93207,667,0,1,1
45987,684,1,0,0
101003,769,4,0,1
31673,738,1,1,1
35381,557,4,0,1
79468,803,0,0,0
46626,647,2,0,1
84771,745,1,0,0
47080,660,2,1,1
44820,764,1,0,0
39129,564,2,1,1
50865,780,1,0,0
109688,784,0,0,0
37459,715,3,0,1
113498,746,3,1,1
53584,587,0,0,1
26830,720,1,0,0
66439,573,0,0,1
101219,745,2,1,1
107983,739,1,1,1
93342,571,4,0,1
42264,807,3,1,1
81352,617,0,0,1
89523,771,1,0,0
61060,572,1,0,1
56831,734,3,0,1
54500,685,4,0,1
41624,711,3,1,1
39826,834,3,0,1
39480,577,1,0,1
81636,683,1,1,1
77203,609,3,0,1
66729,837,3,0,1
34744,625,0,0,1
46703,695,1,1,1
118295,810,2,0,0
106918,849,1,0,0
20540,819,4,0,1
30070,676,3,0,1
