price,area,bedrooms,bathrooms,parking
7923388,2766,5,1,2
8050634,11861,1,3,1
11581351,5138,3,3,2
5804572,10441,3,1,2
3734489,4927,1,1,2
11458614,6280,3,3,0
11024682,3427,4,1,2
13933495,3856,5,3,2
8704212,6290,5,2,2
11128519,1806,1,3,2
5972471,9479,3,2,3
12026850,5165,2,1,3
6023669,11681,2,1,2
8904852,8557,3,2,2
6481505,2161,2,1,2
3266891,6144,1,2,1
6021373,10003,1,1,2
7519877,4420,3,3,2
4844769,10774,2,1,3
10680351,10446,1,3,3
1603355,7736,1,3,3
2762752,7578,4,2,0
11284633,1852,4,1,1
7164789,10594,1,2,2
11195979,8505,3,1,3
10805648,1658,5,3,0
7243066,11669,5,3,2
12142490,2456,1,1,2
7613790,3571,1,1,3
13419017,10095,1,2,2
6221339,11079,3,1,2
11389550,4953,4,1,2
4775709,8175,1,1,3
1584654,2455,1,2,0
6647581,7795,2,1,2
3454354,3212,3,3,0
12304790,6203,1,2,2
13363283,8063,2,2,3
12541599,10965,5,3,0
9742680,7131,1,3,3
3928388,11133,1,3,1
10416786,11489,2,1,2
4163046,2894,3,3,1
12475252,10961,1,1,1
6999720,6232,5,2,1
12459014,5214,1,2,2
8140913,2029,5,3,3
4916664,4458,4,1,1
4885659,9404,4,3,0
4885357,5091,5,3,2
12684121,11839,3,1,3
2965689,8395,1,3,3
1568148,10631,1,2,1
3325665,2025,4,3,2
4245683,7977,5,1,1
13286331,1501,1,1,0
12892366,1874,1,2,3
5556518,6148,3,1,3
4169995,3865,2,1,2
6497895,3025,4,2,3
7897986,3146,4,3,2
3370928,1513,2,2,1
5655299,6099,1,3,0
12446097,3778,3,2,2
11662023,4655,3,3,1
7749859,9821,4,2,0
3805413,5314,3,3,3
5410197,4716,2,2,0
7058019,11732,1,3,0
6914709,9719,2,2,0
1771836,3613,5,1,3
5084702,10944,4,3,2
11984113,5856,3,2,2
8781369,11738,5,3,0
3799435,7043,3,3,1
10085377,6055,1,2,1
4158505,8562,1,3,0
2771741,4874,1,2,0
5269315,7930,3,1,1
2546797,4966,5,3,0
4547262,4581,1,1,0
11473006,2129,5,3,2
12473639,1769,3,3,2
2064685,11685,5,3,0
4379190,7224,3,2,0
7096411,7397,3,1,3
11200344,4932,4,3,2
2507293,10972,3,2,0
6274183,7776,3,3,3
4866612,7395,2,2,3
9911855,8615,1,3,3
6767180,8156,4,1,3
9307313,2075,4,1,2
4204238,8529,4,3,3
4130708,7599,2,2,2
4994679,10999,3,3,3
7017209,4692,1,2,3
3267640,4678,5,3,1
8223771,7552,3,2,2
12502348,4234,2,1,1
2785160,7616,3,3,1
7580526,11904,3,1,3
6673036,5068,2,1,2
2925472,11347,4,3,0
1548984,11271,4,3,3
12288678,3703,1,2,2
8056168,2890,1,2,1
13154487,3242,4,1,2
3004384,3425,5,2,3
3730919,2119,3,2,2
8440119,2774,5,3,1
11640734,2456,3,2,2
3237095,3439,4,1,2
11999746,5453,1,2,1
6280450,2468,1,1,3
8969344,11008,5,3,0
3609818,10735,1,1,1
3731785,1781,4,2,1
12836697,7762,5,3,3
12614536,2558,3,2,3
5353339,5793,1,3,2
11732008,6678,2,3,1
10967719,8480,1,2,2
2496107,10700,3,2,2
13410049,2729,5,3,3
8630144,10727,3,3,3
6045583,6085,2,2,2
11758838,9967,4,1,1
5247389,4240,1,2,1
5642807,3789,5,3,2
9488004,2739,4,2,0
7745035,6870,3,1,0
5102279,1625,5,2,3
7015989,8973,4,3,1
3621690,10900,5,2,2
12880258,6842,2,3,2
1991234,8851,2,3,1
11836868,8138,1,2,3
11409709,8070,1,3,3
6901218,4749,2,3,0
13025337,10610,5,1,1
8414550,9095,2,1,1
7667294,7794,1,1,2
10786029,8027,2,1,1
8406726,7257,2,3,0
7388794,3469,5,2,1
9058158,2391,4,3,2
8010425,5970,1,3,0
10011017,8675,5,3,2
9387739,11725,2,2,1
11905324,11056,2,1,3
12239378,9820,4,3,1
2269598,10706,1,3,1
6792895,11491,1,1,2
13156432,8312,3,3,3
9471379,9019,1,2,1
4831068,6112,4,3,0
4756415,11210,3,3,0
2374371,2698,3,1,2
7154237,6738,2,3,2
12721476,7589,2,3,3
13761606,7757,1,2,2
2473548,9205,3,1,3
4844014,5219,2,1,1
8564746,1802,4,2,0
11102083,2486,2,3,0
7716204,11555,2,1,0
13359103,5940,3,1,2
6693542,6409,3,3,2
4459034,4572,5,3,1
6074293,4624,4,1,2
8206971,11019,3,3,3
1543585,9625,1,1,0
12945821,4791,4,3,1
4039448,5533,4,3,3
1609556,6605,3,2,3
3075557,2203,4,3,2
13916027,9633,3,2,2
12011699,2074,2,3,0
9806461,7204,5,1,1
3509021,9348,2,1,3
2701482,6708,3,3,2
2042335,8424,3,3,2
13322585,5328,2,1,1
5770070,4730,1,3,1
8200379,1988,1,2,2
5060920,8614,1,2,2
8360006,11039,3,2,0
3984413,4673,4,2,1
4407360,3167,3,2,3
12671200,11329,4,3,2
7395544,5614,2,3,2
7197469,5053,5,2,2
3735000,9261,4,3,2
8408531,2500,1,3,0
5822252,10542,3,2,1
7322184,2888,2,3,2
1902690,6950,1,3,1
4048421,5212,2,3,3
13695226,2867,5,2,3
3454109,9689,3,3,3
5922880,10513,3,1,3
13001362,1954,5,1,1
8705547,11316,3,2,3
9823735,4272,4,1,3
7957294,5226,2,2,2
2884250,8732,1,1,2
13914325,6306,5,1,2
1561087,3690,4,1,0
7909907,10608,1,2,2
2996176,4375,1,2,3
11774621,7092,5,3,1
1539353,2940,4,2,3
7984531,10427,1,1,1
4860011,7559,1,1,3
9154909,8510,4,2,0
5759622,8617,3,2,2
6459617,10653,1,2,3
7225570,4489,2,3,2
1916880,10718,4,1,0
8572695,7728,1,3,0
8933296,7971,5,3,2
6465050,4363,2,1,2
2313168,11639,1,1,1
1725281,2677,2,2,2
13006305,6260,2,2,2
5282875,1511,3,3,1
4495765,6752,2,2,3
9234102,5899,3,2,1
7095108,9734,4,1,3
7174719,10635,3,1,3
10158144,6945,5,2,3
8109280,8070,1,1,1
7000306,10696,4,2,1
5872093,9712,4,1,0
3061729,1906,5,1,3
6531595,10706,3,1,1
12111417,5931,1,1,0
6978047,11530,3,2,3
10570277,6743,2,3,1
13753430,8042,3,1,1
2619043,8436,4,2,1
13218070,10406,1,2,2
12095511,5646,3,1,0
8603230,1640,1,3,1
11629701,6382,1,1,2
4058231,7512,2,2,0
8159908,2463,2,3,0
4580389,8651,4,2,2
3161909,10064,5,1,0
4156138,5110,1,3,2
1610078,11384,5,2,3
3415631,8394,4,2,1
7814127,8811,1,2,2
11292712,1605,1,1,0
3508187,7039,5,3,0
3159066,11373,3,1,3
3648815,8287,2,1,3
8855740,3637,3,1,3
13912674,5945,5,3,3
6006259,5030,2,1,3
8973915,2786,3,1,1
9158426,8552,2,1,2
7904003,5154,1,1,3
5635314,8602,3,2,3
2410681,3859,2,1,1
3107618,9605,2,2,2
5396830,10136,2,1,3
5836787,7941,3,3,2
4255423,6547,4,2,2
11921958,9727,3,2,1
12200595,6703,5,2,1
1571295,11167,3,2,3
10632582,3298,2,3,0
9113287,11537,1,1,1
4945376,11100,3,2,2
6751035,6791,3,3,2
5112600,6995,2,2,3
2325816,11400,1,1,3
10263313,7784,1,2,3
13605878,8785,5,3,2
11745534,2800,3,1,1
11547453,8369,1,3,0
3526793,10935,1,1,1
2054594,4597,4,1,0
10036326,6116,4,1,1
5004473,1509,1,2,3
8799695,7252,5,3,2
3704664,11352,1,3,0
5841747,7795,2,3,1
11407771,6315,3,1,2
2186976,2572,5,2,0
3972189,4725,2,1,0
13029867,2816,5,3,2
10006404,7199,2,2,3
2741082,8307,3,2,2
6684502,8174,3,2,3
8061000,5183,4,3,1
8171458,8727,2,2,1
6392306,4773,4,2,2
12576738,8500,2,1,3
5174515,1645,4,1,1
3079159,6510,3,2,3
10795925,4540,5,2,3
12373975,11154,4,1,3
6015488,11276,2,1,2
7541495,1982,2,1,3
10556842,4679,3,3,2
10267088,2749,2,3,1
7824167,2130,1,1,1
2291971,10353,5,2,0
2001157,4352,4,1,0
5878727,2487,5,3,1
5624499,9122,3,2,3
12502109,8827,4,3,3
7446594,11238,4,2,1
6606799,10341,1,3,1
12810552,10660,3,2,0
5827576,2600,2,2,3
6462140,8152,1,2,1
12971761,10132,1,2,0
4299487,8921,5,3,0
4404941,6516,5,3,3
9483441,2269,5,2,0
6820385,2843,1,2,0
3600021,5858,2,3,2
11249436,11269,4,2,1
8428040,8280,5,2,3
2118467,8102,2,2,1
6833152,3849,3,1,2
12024227,7199,5,2,3
13844096,2741,4,1,1
8828141,2625,3,2,0
6572148,10882,3,3,3
3207923,8264,4,1,2
6634207,6601,5,1,0
10016999,9343,1,2,2
8230886,1572,4,2,0
10905634,6972,4,1,1
7353584,11606,4,3,1
9670528,6689,3,3,1
5801754,3972,2,2,2
3769042,2207,1,3,3
3483509,3304,5,3,1
9240141,8204,5,2,2
1616381,5213,2,3,0
3021701,6551,4,2,1
11508805,3975,1,1,0
12120268,5110,5,2,1
11666834,5755,5,1,0
7605525,8897,4,1,2
11087994,3235,2,3,1
4938618,11277,1,3,2
9413697,9758,2,3,2
11903092,9479,2,2,0
12826237,3928,1,3,1
3957184,8926,1,1,3
13032571,10033,5,3,3
5603022,6749,5,3,2
2918175,6791,1,2,0
5306688,4317,3,2,0
8765795,10924,5,1,0
5272962,5374,3,2,1
5541776,11186,1,3,1
4227423,5711,5,2,0
7209840,2161,2,1,3
11649035,11560,1,3,3
6630397,4874,4,1,1
4951356,10708,3,2,0
11020173,1707,1,2,3
4944084,4165,1,1,3
4427109,3993,5,3,1
8479451,8313,5,2,1
12397687,2132,5,2,3
12775612,11794,4,3,0
11820368,4583,5,2,3
10019981,11623,1,1,3
9278484,5219,5,2,0
10003902,8623,2,2,1
13021122,3179,5,3,0
7714624,1736,4,1,0
6342611,8946,2,3,0
7857182,5943,1,2,0
5835868,8270,1,2,1
11314996,11232,3,3,3
13740032,7599,2,3,2
3715167,10055,3,3,1
5386402,3868,2,1,0
8045535,1785,2,2,3
8342385,1648,4,3,3
10578552,5537,3,2,0
2188105,8049,4,1,1
12499518,8621,2,1,0
3489173,11458,1,1,3
4580761,6395,2,1,3
2914466,6780,4,2,1
1945101,2512,3,1,2
9606609,11215,3,1,0
8913023,4285,4,3,2
9113269,5225,3,1,3
2605534,6076,5,3,2
13116410,7282,1,1,0
11472201,7757,1,1,0
11692257,11293,1,3,3
11113273,3908,3,1,1
12183152,1840,3,2,1
5853127,4317,2,2,3
8815360,3996,2,1,0
9573461,7462,1,2,1
1998863,6799,5,3,2
10256262,11417,2,1,3
4176188,9074,2,1,2
4795990,3189,3,3,0
9282937,4767,5,3,1
8026818,5906,1,3,0
11381393,9953,2,1,2
10685687,2942,5,3,0
6991590,10097,5,3,0
8012440,11882,1,2,3
13931395,5937,5,2,3
7599628,6935,5,1,0
13816691,9935,5,2,3
8055968,5607,2,2,0
4199015,2060,1,3,2
13303135,10285,5,3,3
11174733,7048,5,2,0
13628655,3326,2,2,3
10337590,9129,1,2,0
2672622,9825,3,1,3
4003771,4638,2,1,1
4677825,9193,1,1,0
2496161,9764,5,2,1
5683839,9342,1,2,0
2166326,8221,1,1,1
2149150,8502,1,1,0
4875957,5725,3,2,3
1618834,4478,1,3,1
4739576,8873,3,1,3
13087257,7407,5,2,0
7393309,7597,3,2,3
7448540,7156,5,3,0
5749913,11677,5,2,3
5922201,10484,3,2,1
2579600,5759,2,1,0
10914323,9786,4,1,3
11327141,7401,1,3,0
12169838,10825,4,3,0
5003157,6417,1,2,0
9772874,9929,1,1,2
10349851,4030,5,3,0
11947460,3460,1,3,3
13147968,8545,1,3,2
3485588,2548,3,2,3
10140059,7272,4,1,2
5697355,4029,3,3,0
3252683,4464,1,1,1
9216868,8637,5,3,1
2504646,2463,3,3,0
10860133,2036,3,1,2
5367500,8840,2,1,3
1949395,8679,1,1,1
6643901,9467,5,2,0
8254350,10234,3,3,0
2760386,2345,3,2,2
4554390,7277,5,1,1
8519431,4536,1,3,0
4879569,7447,2,2,1
4400603,3994,3,3,3
12855805,4219,2,2,0
10111474,3384,4,1,0
11023856,5849,1,2,3
3146711,6679,4,3,0
7087774,8110,4,3,2
7819707,7930,4,3,3
9467801,8654,1,3,2
2923286,11645,1,1,3
5195961,7988,5,2,3
9717316,6237,2,1,2
4677945,8025,2,1,3
8848340,5350,5,1,1
13302429,2189,5,3,2
1683062,11642,4,3,3
12380126,6675,5,3,2
4341992,10148,3,2,3
5794539,6578,2,3,3
13109076,11822,5,2,1
7595929,6948,3,3,1
6444505,2679,3,3,1
2303328,10574,3,1,3
5562958,7906,3,1,1
2543233,10091,4,1,2
7968703,8407,3,2,3
11600349,10300,4,2,2
2029525,3138,4,3,1
1676615,7171,3,2,3
5881932,8428,2,3,2
12624596,11840,3,2,0
8165088,2882,3,2,2
8974447,2903,3,2,3
6101020,10511,2,1,0
5199391,4792,1,2,1
10429860,10511,1,1,1
11574901,1919,4,1,2
8506454,6017,4,2,1
5112610,4802,2,3,2
8531883,9357,5,3,2
3664367,11200,1,3,2
11792658,9370,4,2,2
1644356,7193,1,3,3
12987928,2267,2,1,3
10244220,3544,2,3,0
13488941,11831,5,2,0
9898043,3049,5,3,1
3248014,11456,2,1,3
8656720,7640,4,2,0
13609917,5216,1,3,3
3788627,5981,3,2,3
8017963,9398,5,2,1
8097519,8048,3,2,1
2264121,3793,4,3,2
8568121,6337,5,2,3
11058356,9258,3,3,2
5002630,8293,4,1,2
12470723,9138,1,3,2
7198848,9493,4,1,3
2607677,7507,5,3,3
7238852,7042,2,2,2
1788790,10592,1,3,3
6584921,7856,3,2,2
12533097,11701,5,1,0
11297444,9933,2,3,3
11529857,8880,4,2,1
5193305,3885,2,1,1
5966271,5768,5,1,2
5885536,2171,5,3,0
2852695,1663,2,1,3
11995300,10156,4,2,2
3089228,6092,2,1,0
13432163,6295,5,1,0
12537711,6298,5,2,3
2600567,7536,3,1,1
12174511,3855,3,1,1
9206358,7387,1,1,0
13720673,9461,5,1,1
1549115,7327,3,2,0
13226298,10237,2,1,0
2221747,6219,4,2,0
6892023,2093,2,1,1
7457515,6339,4,1,2
7732753,8894,3,1,1
12938459,11151,1,1,2
6746880,4993,2,2,1
12711708,7664,2,2,3
12873234,4172,2,2,3
2904330,5700,4,3,1
1751492,1516,3,1,3
5535851,4691,2,1,3
1991072,1892,2,2,3
2586880,10116,1,3,3
3555723,7772,1,1,2
3748988,2071,3,2,0
11202701,5131,3,1,2
12653281,7672,5,1,0
4476242,10812,1,2,0
6080081,8677,5,2,1
4148790,9933,4,1,1
5263024,5397,5,1,1
12535399,9623,2,2,1
12598716,3779,5,1,1
6333177,10480,3,1,2
9772841,8951,4,2,2
4853597,10406,2,1,3
9954561,2275,5,1,2
13878226,8369,4,3,2
4097480,3747,4,2,1
5697571,8588,2,3,3
7874201,1578,5,3,2
7618900,9580,4,3,2
4422097,8599,4,1,3
1657164,5426,1,1,0
12117244,10547,4,3,1
2031831,8840,1,3,2
4489475,8583,5,3,2
13095028,7730,5,1,3
13254492,11840,5,3,2
4869720,10723,3,3,1
6211075,6440,5,2,2
8622313,4771,4,2,0
8354500,4956,2,1,1
4140328,9288,1,2,0
10579703,10099,3,2,3
10722335,9150,5,2,1
8826434,4211,5,1,2
11051536,3168,2,2,1
6563778,1647,2,1,1
12071759,7920,3,3,1
13052291,11642,1,2,0
5470001,1865,5,1,3
1570640,11366,3,2,1
11889599,6031,4,3,2
5622263,6830,4,1,1
6094877,7010,3,1,1
2855531,10254,5,1,3
2175510,10464,3,3,2
5241196,7993,5,3,2
8490102,11729,2,3,0
4234296,6939,3,1,2
8206024,11265,5,3,2
13220477,8011,3,2,2
2398320,9004,3,3,1
7281565,2746,5,1,0
3507635,5339,5,2,2
11115215,10051,1,3,2
13952568,3876,3,2,2
4764908,4509,4,2,1
5760538,10654,3,1,1
11501426,3327,3,2,0
12164112,8479,5,2,3
13113795,11305,3,1,0
7986460,11332,3,1,1
7697323,11908,4,1,2
13987110,10069,5,2,2
5121581,5785,3,2,0
5746238,8410,2,2,2
7463135,10061,1,1,1
10314131,3696,4,3,0
5099865,5247,3,2,3
6882287,10343,2,3,1
9490340,7478,3,1,1
2539458,7107,3,2,2
5272811,2269,5,3,1
3817336,2280,5,2,1
4263642,11408,5,2,3
9189684,7803,2,2,2
11698499,5483,3,3,1
5288340,11003,1,1,2
12308470,10214,4,2,1
1697775,2021,5,1,3
3886488,10627,5,1,2
2287494,9069,3,3,2
7351244,11922,3,3,3
6832660,7284,2,1,0
11089801,6083,2,2,1
8337433,7446,5,3,1
13831942,6441,3,2,0
12898366,7767,1,2,2
6583769,8628,4,2,2
2033636,3961,3,1,3
12926978,2185,3,2,3
5732406,3660,2,1,3
13124266,8531,4,1,0
11664811,11259,5,2,0
3776360,6841,3,2,2
5908249,1538,5,2,3
5926219,6375,3,2,2
12423237,2756,5,1,0
10414438,9197,4,2,1
2832397,3696,2,2,2
9017836,8665,4,1,0
12024841,1801,1,3,3
10606824,9027,2,3,1
8146705,7881,4,1,1
6962810,2146,1,3,1
10405921,11451,3,1,3
8403836,10289,3,2,1
13553668,10353,5,2,0
13351173,5830,2,3,2
11226290,11060,3,2,1
7743669,8503,2,3,1
2786643,5037,3,3,0
11422192,6058,5,2,3
9815390,8079,4,2,1
7700646,9974,5,3,0
8483896,11178,1,2,0
10283148,5582,3,1,3
12503683,5683,1,2,3
6909861,10152,1,2,2
6439003,5254,2,1,1
7811326,3224,3,2,2
6646386,2876,1,2,0
9915398,10206,4,3,1
11580346,10394,1,2,0
12797481,3153,4,2,0
1948345,3566,2,1,0
10637682,1522,1,3,3
9327494,3960,5,3,3
5185501,7426,2,3,1
3379490,7751,4,2,0
13776465,10996,2,3,0
6484445,8795,1,1,1
8439705,4800,3,3,2
13064691,7779,3,1,0
8502587,10053,4,3,3
8242471,8853,4,3,2
2954908,5227,3,1,2
12142302,7772,4,3,2
4819144,7495,2,3,2
10193670,10976,5,3,2
7306466,2014,5,2,2
7244588,1948,2,1,1
6804509,7519,5,3,1
9168216,6843,1,1,2
6449499,11547,2,1,3
3887312,9533,4,1,1
5193976,4020,2,3,1
7562903,4581,3,3,2
5908224,2928,4,1,3
5535493,5467,3,2,2
13277140,7945,4,1,3
11314149,10614,5,2,3
7203737,3659,2,1,0
3371403,6632,1,1,1
7247372,4047,4,1,2
6348287,4479,4,3,1
7158796,11973,3,2,1
2321052,4149,5,2,3
11695758,10005,3,1,1
3725300,4583,3,3,0
3355567,11948,5,3,2
3034837,2537,1,2,1
13389876,4989,3,3,2
4838442,9104,3,2,1
6426203,9044,4,2,2
1923570,4134,5,2,2
3873139,5483,2,3,2
6721816,3278,1,2,1
10746766,9402,1,2,0
3614792,6610,5,1,2
9941136,6689,4,2,3
3373421,8878,4,2,3
8050670,2624,5,1,3
7581950,2197,4,1,0
12486868,3679,1,3,2
8425877,11096,1,2,0
11305685,6751,2,3,2
7467106,10735,5,3,0
13184495,3429,3,1,2
13206838,2513,3,3,3
12141336,1726,2,2,2
6618922,8821,2,1,0
8677545,3328,4,2,2
6622783,9409,2,2,1
12373803,7088,2,1,2
7028983,3523,3,2,3
1660775,6466,4,1,2
8849369,11777,2,2,1
4167867,7391,2,1,1
11451907,2580,4,3,1
13358009,6536,5,2,0
8155623,4063,4,1,1
9186841,4792,3,2,0
13664411,5086,5,2,1
8478737,5931,1,2,0
2844027,8341,4,1,1
5666500,8143,3,3,1
8967048,5459,5,3,2
10679875,1661,4,3,1
9384479,2093,2,1,2
1997562,4890,4,3,1
13737301,7497,1,1,1
6078238,7854,4,2,2
5537776,2163,5,2,2
11892776,10824,5,3,0
5510912,2041,4,1,3
6011732,6933,5,2,2
7062067,6593,2,1,0
6737196,2367,4,1,1
6385211,11758,2,2,2
7626319,10123,2,1,2
12068604,6969,3,2,1
3100396,7756,4,2,1
4811149,10898,5,2,1
10011010,2669,2,1,1
11055196,2330,3,2,3
3996081,3151,4,1,2
12566226,2636,4,2,1
2075278,4310,1,2,1
6687480,10167,1,3,3
2678049,11018,2,3,2
4580201,2519,1,3,0
8636029,6737,2,1,2
13451345,11528,5,1,0
4964442,2783,2,2,3
11163340,2159,1,2,1
4814692,3510,5,2,3
6219607,10090,1,2,2
7785088,3233,2,1,1
2610389,3625,3,2,2
9916320,3671,4,2,0
13960255,9766,1,3,2
5412942,4971,2,2,3
10001424,10528,5,2,3
8968810,7124,1,2,3
3135156,10191,1,1,1
10023838,9829,4,3,2
11655224,3597,2,2,1
6501045,6568,3,2,2
5963418,11577,5,3,0
11271802,7897,2,2,2
12989968,4257,5,1,2
11770156,5420,1,2,2
5845760,9686,4,1,2
8653768,3400,4,1,0
4751298,4110,3,2,1
5965150,8400,4,3,3
9889012,2949,1,1,2
8749903,10238,3,3,3
6397590,6517,2,2,3
7689573,9499,4,1,3
2823483,7552,3,2,3
3222320,11695,1,3,2
3832517,3596,5,2,3
4696340,10395,5,2,2
10051881,7904,1,1,0
13743026,11317,1,2,1
6887408,4831,5,2,1
13541300,8962,3,2,2
7192493,6605,5,1,2
9747752,4478,1,3,1
2587341,4339,4,3,3
7695200,4884,2,2,2
5477266,11553,4,1,3
7058956,2185,4,2,2
4531756,9031,1,3,2
2343523,5783,5,1,0
10434845,9236,3,3,0
5540479,9210,4,3,1
1592193,3119,5,1,0
13070523,8368,3,1,0
2686887,2931,4,2,1
12896646,10567,3,2,3
10396761,6213,5,3,0
4834817,11057,2,1,3
13470677,10935,5,1,1
4215514,6498,1,2,2
4158571,1662,3,3,3
6334357,3474,2,3,1
11568356,4791,3,2,3
12111677,9961,3,1,1
8602173,2131,4,2,1
13334106,2405,1,2,2
6392472,3514,3,2,3
1981680,11333,5,2,2
6665679,9396,5,1,2
7680142,1704,4,2,3
12525302,2081,1,1,3
6787118,7175,1,2,1
12849901,10532,5,3,3
5600673,6847,2,1,1
3034026,11411,4,3,1
10204434,4143,4,2,1
4967366,9517,5,2,1
1827359,3797,5,2,1
13637211,2374,2,1,1
12748945,7060,2,3,3
1817537,2189,1,1,3
8453757,5500,4,1,0
2050222,11114,4,2,3
6475026,2171,5,3,2
9295134,9427,1,2,0
4073619,2671,4,1,3
3953752,7091,1,2,2
11252741,10635,1,3,3
8765760,7842,5,2,1
11820855,2949,1,3,0
2853038,4039,2,3,1
10139483,5459,2,2,0
6157693,7785,3,1,0
5764694,6932,5,2,1
2207689,5760,3,1,0
11504560,3861,2,1,0
2796516,7664,3,2,3
12418787,5170,5,1,2
11445225,3253,5,1,1
4963351,9600,1,2,3
11153648,3438,4,2,3
3354971,10062,1,2,1
10538807,7476,5,1,0
13923236,11623,2,3,1
3349396,8088,2,1,2
4191276,10116,1,3,2
10517469,7804,5,2,1
4026954,8845,2,3,3
8049546,9375,5,2,1
9507407,10586,2,2,2
8885034,8133,5,3,1
8563410,2097,3,2,0
10550222,4562,5,3,1
13246127,3836,5,2,3
9501482,11379,1,1,0
10555605,2072,3,1,2
11614959,9021,4,2,1
2572647,7671,1,2,3
3131107,8597,4,3,3
10917063,3590,2,1,2
6606563,8066,4,3,1
9734679,6124,5,2,3
7963768,3133,4,2,0
11194402,3017,1,3,1
7106594,5148,1,2,2
3450367,3037,4,1,0
3410705,4637,1,3,1
3101596,8485,1,1,3
5291481,1597,4,1,2
6623122,5250,3,1,2
9257202,10035,3,3,1
7848564,9674,2,2,2
5650276,9603,1,1,0
7223601,6913,4,1,1
6854075,6166,1,1,0
6779548,2110,5,2,2
3882357,3227,1,2,2
13375732,11982,1,3,2
9404069,3354,3,2,0
3745131,6555,4,3,2
5746049,11771,1,3,1
9980473,3824,3,3,3
13933196,10869,2,3,1
6955770,10783,3,3,3
2572200,7274,3,1,2
12009081,8019,3,2,1
12389464,3249,1,1,0
4406158,2281,1,3,3
13957080,9048,2,2,0
2722869,8323,5,1,3
12172477,3605,5,1,2
4625354,5367,5,3,1
13971102,8693,2,1,3
11318159,6476,5,1,1
12169628,3613,5,1,3
12645552,7379,3,1,3
6282883,5470,1,1,2
8001632,11683,1,3,3
12176231,10759,3,3,0
10802640,8764,3,1,3
5482588,3077,3,3,3
9583123,10703,1,3,3
11456046,3774,5,2,2
7660686,6369,3,1,1
10806167,11506,2,3,1
2135605,8244,3,3,2
8979821,3926,4,1,0
6083897,7046,3,2,0
10703739,8352,1,1,2
8913718,4051,3,2,1
1567661,7911,4,1,0
8359991,1507,2,1,2
9085153,9587,5,1,1
7414988,4055,3,1,0
8058221,1975,4,2,0
11966615,6916,4,2,2
2807506,11903,2,3,1
11859814,10176,1,1,0
4401614,8739,3,2,2
4466422,8210,4,2,0
5208654,6500,2,2,1
8815436,6154,5,1,3
1618033,9578,4,3,0
10518873,7563,2,2,1
12598917,3785,1,1,0
7372354,6723,1,2,3
12806866,8471,4,2,3
2715502,5025,4,3,0
11310404,4322,3,2,2
12651387,6443,2,2,0
3819049,8030,4,1,1
7792518,1758,3,1,2
9087768,1782,3,3,1
5220464,3398,4,1,1
3692614,5635,1,1,2
2270173,8129,2,3,3
12557963,11959,2,2,1
13301112,4700,1,3,0
7142264,6610,4,1,3
1967010,8667,2,3,3
3155016,2112,4,2,2
11586508,2187,4,3,0
5721038,5190,3,1,0
10812483,10304,1,1,3
9876430,3807,4,3,1
12011829,8633,5,2,1
5380993,8009,1,3,0
4068103,11473,2,2,3
9969872,7406,3,2,3
9911883,4091,2,3,3
12582322,8683,2,2,2
12348680,6748,1,1,0
7982532,10266,2,3,0
6696467,11602,4,2,1
7452793,6608,2,1,1
10461343,5104,3,3,0
3500609,2169,3,1,0
10801434,5864,5,1,1
4197143,8829,3,1,0
10751130,2783,2,2,1
10692300,2423,3,3,0
11049765,2625,1,3,2
2814532,3029,3,2,2
1921240,11286,4,3,3
13748352,9938,1,1,0
2444789,5211,5,3,1
12995700,9504,4,2,0
3713573,11252,2,1,0
10414501,7774,2,2,3
3755363,11935,2,1,1
9875741,5364,4,1,0
6556861,11631,4,3,1
7936446,9333,4,1,0
5648887,8288,1,2,3
11095702,1726,1,3,1
12109800,1764,2,2,0
10557014,11087,3,1,2
5168866,2145,2,2,1
6112338,9044,5,2,3
12742014,7069,1,1,2
2533255,4490,4,3,1
8582212,11591,1,2,1
9702787,4004,4,1,1
6489847,10846,5,3,1
12941374,2087,5,3,0
10429285,11513,1,3,0
9143603,10677,4,2,1
4594235,5579,5,2,3
11060067,4848,2,2,0
7486126,7799,2,3,1
4359653,5331,4,2,1
11854805,10933,1,1,3
1887952,9881,5,2,3
12097981,10672,1,2,3
2530117,11390,2,3,2
4396818,3215,5,2,1
3857821,7950,1,1,3
10413742,6933,3,3,1
7084263,2598,4,1,0
1744761,8596,4,3,1
12818706,3826,3,3,1
12860428,10587,2,2,2
9886180,7916,5,1,0
1564323,8480,4,3,0
2737715,8263,3,2,2
9540979,3174,3,3,3
2454480,9450,2,3,3
12221419,10622,2,3,1
8181134,10415,1,3,2
2354016,7549,4,3,3
6847417,2589,1,3,0
10753517,6078,3,2,2
7309701,10627,5,3,3
10939101,11987,5,1,0
10171370,1655,2,2,2
11493726,10762,5,1,1
4383427,3458,5,3,1
2916012,7844,5,1,0
7252810,7279,3,3,3
2071650,7644,5,3,3
5976576,6563,5,2,2
10274533,5330,5,2,0
4363793,10546,1,3,3
6409047,10331,3,2,1
8381289,11930,2,1,0
8922212,11294,1,2,1
5257974,8159,4,2,0
10291689,1941,3,1,2
8711179,7540,3,2,3
12287713,7425,4,3,3
10267500,8858,4,1,3
5699591,6128,4,3,1
7000545,7870,2,1,3
9791923,11028,5,3,0
4654240,2448,3,3,1
10545310,9679,5,2,2
9296324,7615,5,3,1
13143208,1959,4,2,2
11873904,9068,2,1,1
9612074,6146,1,3,3
3690222,1892,2,3,2
13638391,3287,5,1,3
4219269,8874,2,1,1
8735574,11949,4,3,2
7172354,2638,1,1,0
6705597,6241,4,2,0
6784958,8918,1,1,1
12213405,7862,5,1,2
2286667,3954,1,3,0
11242257,11158,1,2,3
3212503,5174,1,1,3
12874026,2877,2,2,1
5109736,8201,2,2,3
9560833,4097,5,2,3
8138155,1641,1,3,3
2884418,4159,3,1,0
1886594,6096,5,3,2
4369760,10531,1,1,1
13695111,7161,1,1,2
13725855,7642,2,3,2
2592501,7126,5,2,2
6738331,10287,1,2,0
10025631,11596,1,1,3
2635964,9972,5,3,1
11372232,1923,3,2,2
3655748,8499,5,2,3
11844717,5749,5,1,0
12933787,3250,3,1,2
5425282,6257,5,3,3
2373172,3467,1,1,0
13574148,5588,5,2,3
10410852,5678,3,2,1
7155378,9289,4,2,3
6373594,4446,5,2,3
5563309,11141,2,3,1
8441245,6894,1,3,1
10951244,9380,1,1,3
11675529,6575,2,1,1
9317304,11912,2,1,3
2329735,8730,5,3,2
13224615,3031,2,2,3
8521862,4490,4,1,0
13718983,8655,3,2,1
9851245,5993,2,1,2
6782591,10835,2,1,1
8983058,2433,4,1,1
4062469,2960,1,1,1
4586176,4223,1,1,0
8009590,1785,5,2,0
6845854,1764,4,1,3
13183982,8316,3,2,0
8990200,3262,3,3,1
6383680,11961,4,1,2
5181262,1540,3,2,2
6133078,7327,1,3,2
4109089,9759,3,3,1
4008749,2487,3,3,0
2414228,9304,4,2,2
2453959,9289,4,1,1
12078023,7217,3,1,1
9405477,4698,2,2,2
11516389,6874,4,1,2
4869538,6290,5,2,3
13130982,8683,5,1,3
1845266,4024,1,3,1
13845287,10777,3,1,3
11427209,3979,2,2,3
12466463,11385,1,2,2
12960083,6654,3,3,3
6037358,2278,4,2,1
13892092,11277,5,1,2
10996563,2992,2,1,3
13690618,2160,5,3,3
8367100,2848,4,2,3
11821336,10991,3,3,0
11788100,11678,4,1,3
6775034,9351,4,3,3
9053974,8656,5,2,1
12250240,3544,2,3,3
11303005,8868,4,2,0
7597091,5016,5,2,2
4677993,10750,2,1,3
9205092,10668,3,1,3
9083354,6077,3,1,1
4631209,2227,1,2,3
11112128,8968,5,3,3
7313365,1842,2,2,3
5557893,2947,4,1,3
7191276,8081,3,1,2
6897662,7817,2,3,1
13106243,2026,5,1,2
12188727,11588,1,1,0
11788051,11765,3,1,3
13337111,8248,2,3,0
11328366,1905,2,2,2
3305468,9486,2,1,0
4927975,11265,5,3,3
7856228,5240,5,1,0
10014716,3346,5,3,2
13048718,2978,4,1,3
13118627,2271,2,3,1
11596300,7025,3,1,2
7025633,10270,5,2,3
3580154,1693,5,1,1
3744702,3507,2,3,0
4877778,2685,5,1,0
12418642,3894,4,2,0
7235193,11484,4,1,3
9226890,10802,5,3,0
7397498,5505,2,3,0
9857956,8929,2,2,1
12581363,3761,2,3,1
9704298,5236,1,1,1
10276957,11628,5,1,3
10951337,8216,2,1,2
13012679,6375,4,3,0
7343493,10421,3,1,0
4886501,5878,3,1,3
11867687,9315,2,1,0
8895350,4951,3,2,3
6088334,9116,3,3,3
13411513,11832,1,3,3
9964685,11336,4,3,2
8668362,4300,4,2,3
5827819,9833,1,3,2
8784953,6910,1,2,2
2755564,2955,3,2,0
11796935,8392,5,3,1
10014493,7308,3,1,2
10430264,8296,1,1,2
10559296,6296,4,3,1
12173774,6593,3,3,2
5924507,11788,5,2,1
11940139,2825,3,3,0
4292427,6476,2,2,3
12809411,10905,3,3,1
4857679,2659,1,1,3
7248035,6150,4,1,1
5890020,6487,4,3,3
4181719,6197,1,2,0
2390695,1840,2,1,2
2338761,5328,1,2,0
8867664,3468,3,3,2
10388923,2203,1,3,3
6852825,6982,1,1,3
12303080,7876,2,3,2
11188053,3300,3,1,1
10387324,6963,5,2,0
13029677,6412,5,1,1
4821127,6148,4,1,3
4059272,2355,1,2,0
3776106,11504,4,1,0
8460534,4366,2,1,1
8874592,1682,5,3,2
8075716,4612,1,2,2
3502324,7170,2,1,0
7762105,5992,2,2,2
13212931,7323,1,2,3
8171318,3017,2,1,1
13840024,6502,1,3,1
1994592,2856,1,2,1
13134494,11866,3,1,0
13742869,5129,4,2,0
5078226,5128,2,3,2
7649031,9710,2,3,1
11918062,7632,3,3,3
3927540,10824,3,1,3
3215630,8088,3,1,1
1818408,4811,5,3,0
10356884,7548,5,1,0
12043305,7746,5,3,0
10400019,2487,1,1,3
12811416,4821,2,3,1
4617172,6115,4,2,3
10772985,9865,1,3,1
7804680,5241,2,3,3
5735042,4552,2,1,3
3398739,8074,3,1,2
11117944,2226,3,1,3
2517433,5260,1,1,1
9604010,7306,3,1,3
6161029,3375,2,1,2
12649697,8493,3,2,2
5178086,5533,5,3,1
3081530,6943,3,3,2
3587258,2489,2,3,2
6356447,5244,1,2,0
9869066,10111,4,3,1
8357658,2093,3,2,2
12637786,3274,2,2,2
2496530,2435,4,2,2
10659861,5308,4,3,1
4101623,1831,5,2,0
11266854,9422,4,3,3
7731219,4202,2,3,0
5608997,7389,2,1,1
12792148,6554,3,1,1
4864695,5368,3,2,1
13867008,5700,3,2,3
12080030,1701,4,3,1
2545482,3997,4,2,0
7286265,3342,5,2,2
7408635,11558,3,3,2
8987345,11688,1,2,1
11183910,10601,5,2,1
13891248,6158,1,3,3
2070451,9044,4,3,2
9908424,9218,5,1,3
2467344,2270,5,3,3
12743667,4655,2,1,3
3912149,3128,4,2,3
6898869,1886,4,3,0
4852252,7531,5,3,1
5232839,7939,4,3,1
10927504,7901,5,2,3
13186214,5508,2,1,3
8522336,3966,5,2,0
7268927,3782,4,2,3
4378604,3356,4,3,0
13469501,9480,5,1,0
5827858,3498,5,2,3
13845210,6976,5,3,1
13985559,10928,3,2,0
8933533,6169,4,2,1
10152831,10842,4,3,1
7484684,5818,3,3,0
13207868,8564,5,1,2
4194287,8946,2,2,0
11555079,2931,5,3,2
8011634,7124,5,3,0
6121056,8961,3,1,0
10476973,3319,4,1,1
2203662,2630,5,3,1
2805585,8063,4,1,3
5592097,4158,1,3,1
4159440,5000,4,2,1
11488209,10066,2,1,1
5443645,3620,2,2,1
5995013,5520,5,2,3
13940382,11713,4,2,1
7594467,4759,5,3,2
11123424,11581,3,2,2
11513959,3323,2,2,3
11853564,2974,5,2,1
7017366,3742,3,3,2
4948678,4743,5,2,0
11015807,8490,4,2,2
13399657,6660,4,1,1
6711593,4634,4,3,2
13951794,3570,4,2,0
12169435,1859,1,1,2
9870262,11733,3,3,1
11674518,2641,3,3,0
6346769,3135,4,3,3
12984508,5500,1,3,0
8949607,11635,4,3,2
5543064,4861,1,3,3
4102967,8083,4,2,0
4938550,9335,2,2,0
1576218,1506,2,2,0
8378974,4767,5,2,1
2270044,8064,4,1,3
7079079,11283,3,2,3
12435349,6428,5,3,0
13368738,4106,2,2,3
4685714,7406,4,2,2
3228096,4773,5,3,2
10236347,9111,4,2,0
10360935,2413,2,2,2
9167105,3511,5,2,0
4194946,2942,2,1,2
5729215,7046,1,2,0
3422135,3329,2,3,0
8521855,10267,4,3,3
2478039,7968,3,2,3
10788493,2429,2,2,0
10497354,5199,3,2,3
8852207,11155,1,3,3
12891427,2554,5,3,1
1999876,7244,5,1,2
3462165,3400,3,1,3
9485620,11149,5,1,0
2111213,8480,2,3,1
2268734,8569,3,1,1
9250575,11091,4,2,3
5741361,4915,2,2,0
7011174,1942,2,3,0
3339433,7718,2,1,0
8069632,6152,4,2,0
5172214,9439,1,3,0
3526580,9333,5,1,2
8729039,10870,3,2,0
9007324,9097,1,1,0
7702258,5958,3,3,2
5839235,8091,5,1,3
11380860,10949,4,3,1
5026737,11533,2,1,2
10290529,3809,2,2,1
3508960,7768,4,3,1
5955214,2410,1,3,2
9976563,5840,1,3,0
8418889,5509,3,1,1
5316446,8128,4,1,0
4876513,3669,1,2,3
3437878,3672,4,3,2
11973867,7168,5,3,1
12364147,7813,2,1,0
7693956,9815,2,1,1
3205215,9536,2,2,3
6937149,8289,4,2,3
12378177,2285,4,1,1
8771476,7639,3,3,2
7929611,7844,2,2,3
4766402,3916,3,1,0
9621849,10488,2,1,3
9604789,5654,3,3,0
11872459,7119,3,1,1
5608880,3436,5,1,0
6999593,11848,3,2,1
5761946,5307,4,1,3
1590093,8651,3,1,2
11444790,10993,2,2,3
11892287,4736,3,3,3
3232465,3852,1,3,3
4673584,3432,2,2,3
12545415,10056,1,2,2
4359244,6416,2,3,3
2386040,6998,4,3,0
1822918,2446,4,3,2
12827221,11069,4,3,2
3745909,2939,1,3,0
13951050,9230,5,2,1
1616739,6357,2,1,3
11175193,1840,4,3,2
10668924,1882,2,3,3
13423158,11248,1,1,3
13378474,9991,5,1,0
11255461,1638,1,1,0
2514929,1858,2,1,0
11455455,6431,5,1,3
3920564,11214,5,1,2
12471177,4956,1,2,2
11368643,3127,4,1,1
10077064,10995,2,1,3
4153093,8126,3,2,1
4803457,6504,3,1,1
13974020,10826,1,3,1
7388997,11878,2,3,1
8444121,8152,2,1,1
7738795,7916,1,2,3
6267348,4670,2,3,0
2216756,5335,4,2,1
9939834,9517,1,3,2
8290968,3651,4,1,3
5251198,10929,2,2,1
13510117,8405,1,2,2
8869434,4334,2,2,1
4638145,10690,1,3,0
13786219,4067,2,3,3
2726476,2807,4,3,0
5684056,10348,4,1,2
10460820,4160,2,3,1
3000844,11903,1,1,0
10817776,11601,3,2,0
4943609,5230,4,2,1
10252084,11738,4,1,3
2900283,7707,3,3,2
7427613,4662,2,1,3
2191757,2640,1,2,2
1890719,9958,2,2,2
11416545,11537,5,1,0
11038555,3208,4,3,1
8354453,5130,5,3,3
4837920,4711,4,1,0
4796050,11985,4,1,0
3618324,8038,5,3,0
8327299,11202,5,2,3
7747794,1975,2,1,0
9417596,9184,5,3,1
12567540,10668,2,3,0
6402666,2707,2,2,0
2376031,3460,2,2,2
7732739,2057,4,2,0
2770896,2382,4,2,3
13452314,11886,5,2,3
2559622,6261,4,1,1
5922375,7367,5,3,3
1878165,8463,4,1,3
10597270,8666,1,1,0
5631479,9429,1,1,1
10900725,6847,5,1,3
10533796,8769,4,1,1
1915008,11302,4,2,1
3131993,9625,2,2,2
4851278,3954,3,3,2
3842035,5994,5,1,0
9478450,3446,3,3,3
7203394,4308,3,2,0
8740947,8142,5,2,0
4268362,5325,4,2,1
12915376,5036,5,1,1
2670365,7568,3,1,1
10568026,5302,4,2,0
11500362,6199,1,3,3
11003201,3470,5,3,0
11115560,7306,5,2,0
7431161,7642,4,3,0
8290593,4319,1,2,2
6351188,10594,1,3,2
4221864,1864,4,2,3
5447208,5758,2,3,2
8484720,4619,5,1,0
12827104,3363,5,2,2
9233308,1615,3,2,2
5375754,8584,4,3,0
4204999,9516,3,2,3
6798217,3884,3,2,2
12882808,5435,1,2,0
2824070,9242,5,1,0
8864386,6942,3,1,0
13079522,3990,1,3,1
12412996,8480,4,1,0
11547595,10634,3,3,2
13764882,9161,5,1,2
12726589,3224,3,3,0
7287749,9682,4,1,1
3161793,4267,3,1,1
8076651,2637,5,3,1
8367218,5617,1,2,2
10504644,4920,5,2,1
8966027,7345,1,1,3
13280026,6278,2,3,3
6487696,5406,5,2,1
1928988,5137,5,3,3
5584752,4453,4,2,0
5874857,7429,3,3,1
4477590,1776,1,1,1
9099600,3499,1,3,1
8110734,2727,4,2,0
4797291,7837,4,1,0
13691037,5235,3,3,1
6394287,2195,3,2,2
9454647,11001,5,1,2
3990706,5652,2,3,3
9042535,9401,3,2,0
11080510,8970,4,3,3
9547252,9037,3,3,3
6754224,4341,1,1,1
12380726,5708,2,1,2
7715140,10233,5,2,3
5237973,2588,1,1,1
3702575,4863,1,2,0
8111653,1524,2,3,3
1964071,11264,5,3,2
5881137,7644,4,2,0
6412216,7168,5,3,1
10664043,5736,3,1,0
12063214,11459,1,3,3
9097626,9568,3,1,0
4998472,3735,4,2,0
12894924,8795,3,2,0
9869689,9892,5,3,2
3064718,9948,3,3,3
6639743,5247,4,1,1
12023401,11933,4,1,2
11491183,4675,4,3,3
5313270,6397,5,3,1
6306425,6537,4,2,1
8109876,8927,1,2,1
3878837,10105,4,2,3
7623769,3514,3,3,1
3024102,2881,3,3,1
13079149,2598,3,3,2
10552788,4926,5,2,1
3883366,5155,3,3,0
3535848,9438,5,1,2
6622930,10601,5,3,2
12328463,1687,4,3,3
10093223,11707,1,3,1
11413841,6909,4,3,0
13784630,3592,4,3,0
11692348,3630,5,1,1
8191409,6742,5,1,1
13856830,10049,3,3,3
12957501,7147,3,2,0
2338003,6685,4,3,2
4933382,7276,2,3,3
10170178,9413,2,3,3
13071601,9047,3,2,2
13969690,9323,2,2,3
4895049,8855,3,2,1
1566150,7965,5,1,2
9451632,2997,4,2,2
8929645,11850,1,1,0
12322814,4055,4,1,2
7581687,6909,3,2,3
10448331,4451,3,2,0
4047500,2738,4,2,3
13244353,10665,3,1,1
10888162,6227,2,3,1
5693060,5465,2,2,0
1634055,7186,3,2,0
10564630,10742,3,2,3
10698550,5201,2,1,1
13767883,4280,3,1,0
10584966,8898,3,3,1
13484398,3088,4,2,1
3341648,3868,1,1,1
8632508,7289,2,3,3
7937845,1936,4,2,3
11577080,4328,1,1,1
5328433,3056,3,2,1
4235264,9070,3,2,1
5948748,8980,4,1,2
12589321,10996,3,1,2
8652747,1682,5,1,3
12197597,8690,4,2,1
5637270,8187,1,2,2
5817922,7065,4,3,0
10347905,8741,2,2,0
8965373,9151,4,1,1
2520154,7075,3,2,2
9570924,3089,3,3,0
8343532,11279,5,3,3
6445169,10351,5,1,0
8233215,1659,5,1,3
13965759,8055,1,3,0
9695810,10703,5,3,0
9404294,9744,1,3,2
8685197,8346,5,1,0
9671548,3807,1,3,0
8214301,2728,4,3,3
12692304,8726,4,1,3
11981981,7090,3,2,0
12260888,8419,1,2,1
12805231,7085,2,3,0
12595479,10727,3,2,0
10758731,7546,4,2,2
12874857,6445,1,2,0
9469693,9427,5,2,0
3359582,8516,2,3,3
9244064,9258,4,2,3
3629885,6586,3,2,3
6220642,10956,1,1,3
12095756,8661,2,3,0
2049239,3384,1,1,1
10445309,3309,5,1,2
6908753,4667,3,3,2
4547569,7852,1,2,1
11159072,10509,4,1,1
2285332,7556,3,3,2
10656558,3937,4,2,0
10055080,7968,1,3,2
1897710,10580,3,1,1
8003216,7451,4,2,0
5817048,6776,5,2,2
4688729,10359,5,3,0
6285956,9318,1,2,0
6605724,6228,3,1,1
6525764,4124,2,1,3
12738779,7238,3,1,2
9496198,5732,5,3,1
2410775,7293,4,2,2
7454878,6023,2,2,3
12485482,7071,1,2,3
7427997,10510,2,1,3
2058924,11880,1,2,3
5381185,10798,2,1,2
6504998,3724,1,2,0
13901203,9889,1,1,0
12179043,7591,2,2,3
6666650,10162,2,3,3
7193075,7861,1,3,0
9609916,3448,5,1,1
6693278,11702,2,1,3
1931413,8594,3,2,0
11241172,7818,4,2,1
12312658,5296,1,3,0
5665100,1734,1,2,1
2363561,10620,4,1,2
1802186,5107,5,1,1
4707393,9543,4,1,3
6989464,2022,2,1,1
8956985,7404,4,1,1
8267528,6388,1,3,3
13717072,11321,4,3,2
2526553,7332,3,1,1
11123810,8622,2,2,2
10033879,7342,4,1,0
12104293,2816,1,3,0
5243797,2624,2,1,3
3014542,7121,1,3,2
7857718,6923,5,3,3
5680656,4087,3,1,3
12818792,10715,5,1,1
9965506,7172,3,2,0
13183705,2878,4,3,3
8346192,4874,2,2,1
10176924,3019,4,1,1
11897562,7277,3,3,2
8847689,9435,3,2,0
3329553,7593,3,2,2
13977265,9918,1,2,2
4541341,6855,2,1,3
2539504,6468,4,1,2
8166455,10583,4,1,3
13976418,7074,5,3,2
11993666,5572,3,1,1
9163589,3757,3,3,0
9418348,10088,3,2,0
6488023,11770,4,2,0
9135836,5924,5,1,1
9309006,4737,1,2,1
3175843,5393,2,1,2
9923309,3505,1,3,2
4729028,3516,4,2,2
8556993,11570,3,1,2
3221610,10888,2,2,0
12069320,3272,4,2,2
3839767,9853,4,1,1
4114235,5476,4,2,1
1991036,3251,2,2,1
10215912,10467,2,2,3
7546914,8930,5,2,3
12351224,8670,5,3,3
4210241,7969,1,2,2
13322411,10631,2,2,0
2642953,4720,2,1,0
5461352,2039,2,3,2
5478702,2961,5,1,2
13947783,6684,4,1,3
9668984,10047,3,1,1
1826916,1734,5,3,1
5097706,3048,2,1,3
6006554,8980,5,1,3
2105409,11788,1,1,0
10962743,5713,2,2,3
12877787,11793,1,1,1
8349486,3173,2,3,1
6550405,8208,5,3,2
9837735,9482,4,2,0
3225690,3600,3,3,2
4780772,5248,1,3,0
9697295,4673,5,2,2
7309041,3315,4,1,0
6587268,5341,5,2,3
7655579,11697,1,1,1
1903119,9516,3,1,3
9712420,8511,5,3,0
1902732,5993,2,2,0
2006079,2174,4,3,2
3450013,9588,5,3,0
12512444,10078,4,1,3
2632658,3658,2,3,0
3485209,4161,3,2,0
5822626,3564,3,3,2
2156951,4753,2,3,0
9899911,6479,4,1,2
11098817,9203,5,2,1
4979591,10431,2,3,2
6703916,2901,1,1,0
7526988,4759,4,3,1
8926263,11969,3,2,0
3866610,5423,2,3,2
5680303,5714,3,3,3
10956807,4727,4,1,1
6184346,11843,3,3,3
1958298,4245,2,1,3
2547343,7591,4,2,1
7219720,5366,1,3,3
9993836,7318,2,2,3
6120650,3722,5,2,3
3255692,4292,2,3,3
10772664,11389,4,1,1
3230228,5563,2,2,0
3446793,3024,1,2,3
3069123,9724,1,3,1
7615518,7698,5,3,1
13167877,5525,3,3,1
8893979,4066,4,3,1
11615078,4303,4,3,2
13229028,5209,3,3,0
9937482,7655,1,1,0
3122572,2219,1,2,3
4720281,8016,2,1,1
4189784,6079,5,1,2
9675602,2472,5,3,1
2209662,5218,5,2,3
8363382,8895,2,1,0
6821129,5902,5,3,3
10359060,6052,3,3,3
7172605,3707,2,2,3
12028294,5926,3,1,3
4092670,8419,2,1,3
6310833,10335,5,1,3
8203459,9886,3,3,3
7917665,10180,3,2,0
1942061,3704,3,2,0
13223340,6845,2,1,1
5261675,4776,4,3,1
12149894,2602,5,1,2
8915745,6743,3,2,2
9582655,8114,4,3,0
10377580,10933,5,1,0
11012602,10207,5,1,2
4581328,6723,3,3,0
6871112,10084,3,2,2
13986672,2130,2,3,1
12506311,11539,4,1,0
10051646,10671,4,1,0
8781505,8183,3,1,2
6624795,1777,5,1,3
6911263,1732,3,2,3
5463735,11244,5,2,1
11263180,7190,5,1,0
12244482,9159,3,2,0
7993509,1525,1,2,2
10489138,8968,4,2,3
13537574,7910,5,1,3
10966441,10152,5,3,1
12466248,5264,1,3,3
10324031,8099,2,3,3
2692929,6602,1,1,3
10211998,8506,1,2,2
8055035,4983,5,2,3
11552829,3494,4,1,1
5568316,10182,1,1,3
9567987,2572,2,3,1
3156671,8207,3,3,2
7181635,1715,1,1,2
7645265,9105,1,3,1
10027171,11415,2,2,2
2283066,11284,4,1,0
11443231,4106,1,1,0
6399856,9850,1,2,0
7740779,6281,4,2,0
5555957,4813,2,2,0
8117488,11468,1,3,2
2097897,11744,4,1,1
5441237,9263,1,3,2
10661408,7439,3,2,3
3542999,3795,5,3,0
13411162,7185,3,2,0
5159985,3196,1,3,2
3402897,3446,2,3,3
9519213,4283,5,2,2
5076511,5144,3,3,1
2663950,6741,4,1,0
2049148,7920,2,3,2
4273707,9057,3,3,1
6568002,4145,4,1,0
4273939,8089,1,2,0
3435740,7853,4,1,0
4934955,3432,3,3,3
6436710,3257,3,2,2
12633834,6585,1,3,0
6655872,7137,4,3,0
4677326,2616,4,1,1
3054510,1992,1,1,2
11719423,10311,4,2,1
5263122,9388,1,2,2
12274986,7974,2,2,0
5921590,11238,3,3,3
4034937,6458,2,1,1
13046081,11297,5,1,3
2312461,11582,5,1,3
5927036,10967,5,2,3
13944163,4243,1,1,2
3218224,9366,4,1,2
4210626,8660,2,1,3
10812652,6951,2,2,0
12869960,6758,2,1,0
9406166,10048,2,2,3
8810108,8686,5,1,1
11275260,7602,2,1,1
7940010,10561,4,1,2
10174163,10577,5,2,1
1944191,11693,2,2,0
3002337,10975,1,1,3
4986669,2119,3,3,1
10809205,2382,3,2,3
11931946,10488,3,2,1
5222946,5142,5,1,2
8564400,2796,2,3,0
11374813,9936,5,1,2
12754507,4395,4,2,3
1724695,8093,1,2,0
12870075,2429,1,1,0
4941628,6866,3,1,2
10990452,10211,3,3,1
9052975,4712,3,3,2
9623236,3909,2,2,3
9261850,9699,4,3,1
11299314,4923,4,3,2
4840216,11711,4,2,2
5333284,8476,4,2,1
3347865,9094,3,2,1
9086725,6658,1,2,1
10808092,5167,3,1,2
6397954,7473,4,2,1
5517136,7736,3,2,1
1844855,9777,4,2,1
7250283,3968,5,3,0
2574961,7717,1,2,3
6125678,5119,5,1,1
13450571,3136,2,1,3
3877935,9655,3,2,1
2634106,5083,2,1,1
9796877,5509,3,3,0
3974968,4826,5,2,0
7666160,11910,4,1,1
7172540,9648,4,1,1
7144807,3717,3,2,1
7472558,6467,4,1,3
3942266,3869,5,2,1
5937677,5138,4,1,3
11107366,10635,5,3,0
6741218,7222,2,1,3
11544351,5944,5,1,1
6650635,9118,1,2,0
6981140,5447,1,1,2
8714615,3176,1,2,0
13865627,2696,3,3,2
12956889,4287,3,2,3
9510643,8932,3,2,0
6481262,11153,5,1,0
6025208,9427,3,3,0
6790717,4818,2,2,3
2018349,10358,1,1,1
4381990,8189,5,1,3
2297968,3676,1,2,0
9392861,5243,3,1,1
9967691,10292,5,2,0
7711411,5922,4,2,0
4155971,5324,2,2,2
7109125,10671,3,3,0
13886223,3951,3,2,3
4374299,2128,2,1,3
8839838,11321,2,3,3
8830292,9278,4,1,1
3304673,5196,3,3,2
4438199,5174,3,3,2
9094378,5429,1,3,0
10498604,4265,5,3,0
6409776,5869,5,1,2
10667121,9807,1,2,1
4803389,6456,5,1,3
9525407,11695,2,2,0
5854385,2192,5,1,2
10277198,4662,5,3,1
11654590,2605,1,3,3
12667263,4508,4,2,0
4651882,3661,5,2,3
4710016,9845,5,1,3
12268485,5199,4,2,2
8237320,5286,1,1,2
3889383,10756,4,2,3
8496746,5700,1,2,3
1664053,3413,2,2,0
7473544,10908,1,3,1
6782379,7020,2,3,1
11325144,3272,2,1,3
4042637,11652,1,2,2
9533951,4280,3,1,1
13279534,8923,1,2,3
13501871,4371,5,3,2
9607317,2160,5,3,0
5658549,7742,3,2,1
11234816,2632,2,2,0
6030889,2199,3,3,2
11667207,8970,5,3,3
9911039,11730,3,1,0
11131739,7797,1,3,3
10535616,9312,3,2,1
10462049,6057,2,1,0
9784960,3679,1,2,1
3549949,10565,4,1,1
9888512,9775,5,2,1
2768300,2922,5,3,1
3447763,4680,3,2,1
11518457,5816,1,1,2
11773685,8196,4,2,0
9154502,11083,1,1,3
5382149,2114,5,2,3
6373062,6070,1,3,2
8545209,1770,4,3,3
9939469,3968,3,2,3
9178073,11082,2,2,3
6345710,5107,1,2,0
5500737,4575,2,1,3
10609609,1789,5,2,0
11879691,9620,3,2,3
11512519,8114,3,1,3
8758746,4752,1,3,0
2943717,8915,3,2,2
5909352,8271,1,2,3
12746341,1778,1,3,1
6611142,2080,2,3,1
11094271,6458,3,1,2
9921928,9945,1,2,1
10215633,5776,2,2,0
8406571,9497,4,1,3
10252967,6276,2,3,3
2808507,2324,2,1,3
5566621,5332,1,3,3
10831795,10391,5,1,1
13882318,6945,5,3,1
11486298,2880,5,1,1
1600734,11365,2,3,0
10046310,8034,1,3,1
4351274,4656,3,3,1
2725811,5807,2,3,3
11035695,7134,2,3,1
4581091,10075,1,2,2
5329049,7310,4,3,2
12591989,10033,2,2,3
3368670,7434,4,3,1
8765406,11679,4,2,2
6313673,4609,5,2,2
6255469,5582,1,1,0
10821425,4740,4,3,3
9051989,11680,1,1,2
5835702,7528,5,1,2
9474411,3349,1,3,3
13166968,9997,2,1,1
